匹配区间,排名,后续数据点序号,日期,收盘价(元),相对区间结束时的涨跌幅
2009-02-20 至 2012-02-09,1,0,2012-02-09,1729.4,0.0
2009-02-20 至 2012-02-09,1,1,2012-02-10,1722.0,-0.00427894067306589
2009-02-20 至 2012-02-09,1,2,2012-02-13,1722.27,-0.004122817162021564
2009-02-20 至 2012-02-09,1,3,2012-02-14,1720.18,-0.0053313287845495605
2009-02-20 至 2012-02-09,1,4,2012-02-15,1728.15,-0.0007227940326124394
2009-02-20 至 2012-02-09,1,5,2012-02-16,1728.07,-0.0007690528506997252
2009-02-20 至 2012-02-09,1,6,2012-02-17,1723.38,-0.0034809760610616802
2009-02-20 至 2012-02-09,1,7,2012-02-20,1734.95,0.0032092055047994172
2009-02-20 至 2012-02-09,1,8,2012-02-21,1759.13,0.017190933271654885
2009-02-20 至 2012-02-09,1,9,2012-02-22,1776.22,0.027072973285532598
2009-02-20 至 2012-02-09,1,10,2012-02-23,1780.68,0.029651902393893925
2009-02-20 至 2012-02-09,1,11,2012-02-24,1772.45,0.024893026483173264
2009-02-20 至 2012-02-09,1,12,2012-02-27,1767.68,0.022134844454724245
2009-02-20 至 2012-02-09,1,13,2012-02-28,1784.23,0.031704637446513306
2009-02-20 至 2012-02-09,1,14,2012-02-29,1696.85,-0.018821556609228685
2009-02-20 至 2012-02-09,1,15,2012-03-01,1718.28,-0.006429975714120517
2009-02-20 至 2012-02-09,1,16,2012-03-02,1712.6,-0.009714351798311704
2009-02-20 至 2012-02-09,1,17,2012-03-05,1706.5,-0.013241586677460448
2009-02-20 至 2012-02-09,1,18,2012-03-06,1674.32,-0.03184919625303584
2009-02-20 至 2012-02-09,1,19,2012-03-07,1684.98,-0.025685208742916688
2009-02-20 至 2012-02-09,1,20,2012-03-08,1699.77,-0.017133109749046027
2001-06-25 至 2004-06-11,2,0,2004-06-11,384.55,0.0
2001-06-25 至 2004-06-11,2,1,2004-06-14,383.55,-0.0026004420751527535
2001-06-25 至 2004-06-11,2,2,2004-06-15,389.05,0.011701989338187557
2001-06-25 至 2004-06-11,2,3,2004-06-16,384.65,0.000260044207515131
2001-06-25 至 2004-06-11,2,4,2004-06-17,388.88,0.011259914185411501
2001-06-25 至 2004-06-11,2,5,2004-06-18,394.85,0.026784553374073594
2001-06-25 至 2004-06-11,2,6,2004-06-21,393.85,0.02418411129892095
2001-06-25 至 2004-06-11,2,7,2004-06-22,394.95,0.027044597581588725
2001-06-25 至 2004-06-11,2,8,2004-06-23,395.75,0.029124951241711106
2001-06-25 至 2004-06-11,2,9,2004-06-24,402.15,0.04576778052268882
2001-06-25 至 2004-06-11,2,10,2004-06-25,401.55,0.04420751527759714
2001-06-25 至 2004-06-11,2,11,2004-06-28,400.88,0.042465219087244765
2001-06-25 至 2004-06-11,2,12,2004-06-29,392.55,0.02080353660122225
2001-06-25 至 2004-06-11,2,13,2004-06-30,394.25,0.02522428812898192
2001-06-25 至 2004-06-11,2,14,2004-07-01,395.95,0.02964503965674159
2001-06-25 至 2004-06-11,2,15,2004-07-02,397.95,0.0348459238070471
2001-06-25 至 2004-06-11,2,16,2004-07-05,398.25,0.035626056429592934
2001-06-25 至 2004-06-11,2,17,2004-07-06,392.75,0.021323625016252734
2001-06-25 至 2004-06-11,2,18,2004-07-07,402.45,0.046547913145234654
2001-06-25 至 2004-06-11,2,19,2004-07-08,407.95,0.060850344558574854
2001-06-25 至 2004-06-11,2,20,2004-07-09,407.65,0.06007021193602902
1985-01-02 至 1988-02-17,3,0,1988-02-17,445.6,0.0
1985-01-02 至 1988-02-17,3,1,1988-02-18,447.25,0.003702872531418322
1985-01-02 至 1988-02-17,3,2,1988-02-19,442.9,-0.006059245960502779
1985-01-02 至 1988-02-17,3,3,1988-02-22,445.5,-0.00022441651705573662
1985-01-02 至 1988-02-17,3,4,1988-02-23,442.4,-0.007181328545781018
1985-01-02 至 1988-02-17,3,5,1988-02-24,435.75,-0.022105026929982063
1985-01-02 至 1988-02-17,3,6,1988-02-25,432.1,-0.030296229802513452
1985-01-02 至 1988-02-17,3,7,1988-02-26,430.45,-0.033999102333931885
1985-01-02 至 1988-02-17,3,8,1988-02-29,426.15,-0.04364901256732501
1985-01-02 至 1988-02-17,3,9,1988-03-01,429.3,-0.03657989228007186
1985-01-02 至 1988-02-17,3,10,1988-03-02,428.9,-0.03747755834829458
1985-01-02 至 1988-02-17,3,11,1988-03-03,429.1,-0.03702872531418311
1985-01-02 至 1988-02-17,3,12,1988-03-04,431.8,-0.03096947935368044
1985-01-02 至 1988-02-17,3,13,1988-03-07,435.9,-0.02176840215439868
1985-01-02 至 1988-02-17,3,14,1988-03-08,436.35,-0.020758527827648088
1985-01-02 至 1988-02-17,3,15,1988-03-09,436.5,-0.020421903052064705
1985-01-02 至 1988-02-17,3,16,1988-03-10,442.4,-0.007181328545781018
1985-01-02 至 1988-02-17,3,17,1988-03-11,441.8,-0.008527827648114883
1985-01-02 至 1988-02-17,3,18,1988-03-14,442.25,-0.007517953321364512
1985-01-02 至 1988-02-17,3,19,1988-03-15,442.2,-0.0076301615798923805
1985-01-02 至 1988-02-17,3,20,1988-03-16,446.2,0.0013464991023337536
1977-11-15 至 1980-12-12,4,0,1980-12-12,562.75,0.0
1977-11-15 至 1980-12-12,4,1,1980-12-15,579.0,0.02887605508662827
1977-11-15 至 1980-12-12,4,2,1980-12-16,561.0,-0.003109729009329154
1977-11-15 至 1980-12-12,4,3,1980-12-17,575.5,0.02265659706796974
1977-11-15 至 1980-12-12,4,4,1980-12-18,573.5,0.019102621057307756
1977-11-15 至 1980-12-12,4,5,1980-12-19,575.0,0.0217681030653043
1977-11-15 至 1980-12-12,4,6,1980-12-22,594.75,0.05686361617059088
1977-11-15 至 1980-12-12,4,7,1980-12-23,602.5,0.07063527321190577
1977-11-15 至 1980-12-12,4,8,1980-12-29,593.75,0.05508662816525978
1977-11-15 至 1980-12-12,4,9,1980-12-30,589.75,0.04797867614393603
1977-11-15 至 1980-12-12,4,10,1981-01-05,597.5,0.061750333185250916
1977-11-15 至 1980-12-12,4,11,1981-01-06,599.25,0.06486006219458029
1977-11-15 至 1980-12-12,4,12,1981-01-07,585.0,0.039537983118614006
1977-11-15 至 1980-12-12,4,13,1981-01-08,574.75,0.02132385606397147
1977-11-15 至 1980-12-12,4,14,1981-01-09,577.75,0.02665482007996456
1977-11-15 至 1980-12-12,4,15,1981-01-12,562.0,-0.0013327410039982723
1977-11-15 至 1980-12-12,4,16,1981-01-13,562.75,0.0
1977-11-15 至 1980-12-12,4,17,1981-01-14,556.5,-0.011106175033318566
1977-11-15 至 1980-12-12,4,18,1981-01-15,571.5,0.015548645046645992
1977-11-15 至 1980-12-12,4,19,1981-01-16,560.75,-0.0035539760106618745
1977-11-15 至 1980-12-12,4,20,1981-01-19,566.75,0.007107952021323749
2018-05-01 至 2021-04-23,5,0,2021-04-23,1777.1,0.0
2018-05-01 至 2021-04-23,5,1,2021-04-26,1781.0,0.002194586686174116
2018-05-01 至 2021-04-23,5,2,2021-04-27,1776.45,-0.000365764447695649
2018-05-01 至 2021-04-23,5,3,2021-04-28,1780.8,0.0020820437791908564
2018-05-01 至 2021-04-23,5,4,2021-04-29,1771.51,-0.0031455742501828032
2018-05-01 至 2021-04-23,5,5,2021-04-30,1768.76,-0.00469303922120301
2018-05-01 至 2021-04-23,5,6,2021-05-03,1792.5,0.008665803837713204
2018-05-01 至 2021-04-23,5,7,2021-05-04,1778.6,0.0008440718023745575
2018-05-01 至 2021-04-23,5,8,2021-05-05,1786.4,0.005233245174723011
2018-05-01 至 2021-04-23,5,9,2021-05-06,1814.87,0.02125372798379388
2018-05-01 至 2021-04-23,5,10,2021-05-07,1831.12,0.03039783917618588
2018-05-01 至 2021-04-23,5,11,2021-05-10,1835.63,0.03293568172865924
2018-05-01 至 2021-04-23,5,12,2021-05-11,1837.28,0.033864160711271296
2018-05-01 至 2021-04-23,5,13,2021-05-12,1815.42,0.0215632209779979
2018-05-01 至 2021-04-23,5,14,2021-05-13,1826.35,0.027713690844634487
2018-05-01 至 2021-04-23,5,15,2021-05-14,1843.1,0.03713915930448475
2018-05-01 至 2021-04-23,5,16,2021-05-17,1866.5,0.05030667942152944
2018-05-01 至 2021-04-23,5,17,2021-05-18,1869.4,0.05193855157278726
2018-05-01 至 2021-04-23,5,18,2021-05-19,1869.35,0.05191041584604128
2018-05-01 至 2021-04-23,5,19,2021-05-20,1876.95,0.05618704631140625
2018-05-01 至 2021-04-23,5,20,2021-05-21,1880.2,0.05801586854988483
