date,close
2011-11-09,1772.23999
2011-11-10,1759.19995
2011-11-11,1788.98999
2011-11-14,1781.0
2011-11-15,1781.40002
2011-11-16,1762.34998
2011-11-17,1719.099976
2011-11-18,1723.050049
2011-11-21,1680.84998
2011-11-22,1699.19995
2011-11-23,1693.30005
2011-11-24,1694.75
2011-11-25,1680.13
2011-11-28,1712.30005
2011-11-29,1716.75
2011-11-30,1745.69995
2011-12-01,1745.25
2011-12-02,1745.25
2011-12-05,1721.64001
2011-12-06,1728.19995
2011-12-07,1742.099976
2011-12-08,1708.80005
2011-12-09,1711.099976
2011-12-12,1666.30005
2011-12-13,1632.099976
2011-12-14,1575.099976
2011-12-15,1570.69995
2011-12-16,1597.94995
2011-12-19,1594.099976
2011-12-20,1615.65002
2011-12-21,1615.15002
2011-12-22,1604.69995
2011-12-23,1606.59998
2011-12-26,1605.81995
2011-12-27,1592.90002
2011-12-28,1553.0
2011-12-29,1546.69995
2011-12-30,1564.30005
2012-01-02,1566.27002
2012-01-03,1604.14001
2012-01-04,1612.40002
2012-01-05,1623.0
2012-01-06,1616.84998
2012-01-09,1611.5
2012-01-10,1631.56006
2012-01-11,1641.80005
2012-01-12,1650.099976
2012-01-13,1639.34998
2012-01-16,1643.40002
2012-01-17,1651.73999
2012-01-18,1661.25
2012-01-19,1657.59998
2012-01-20,1666.90002
2012-01-23,1677.0
2012-01-24,1665.19995
2012-01-25,1711.90002
2012-01-26,1721.5
2012-01-27,1738.89001
2012-01-30,1730.050049
2012-01-31,1739.43005
2012-02-01,1743.59998
2012-02-02,1759.98999
2012-02-03,1725.30005
2012-02-06,1720.30005
2012-02-07,1746.5
2012-02-08,1733.55005
2012-02-09,1729.59998
2012-02-10,1719.84998
2012-02-13,1722.5
2012-02-14,1720.099976
2012-02-15,1729.01001
2012-02-16,1728.69995
2012-02-17,1722.44995
2012-02-20,1734.0
2012-02-21,1759.15002
2012-02-22,1777.55005
2012-02-23,1780.099976
2012-02-24,1773.48999
2012-02-27,1766.30005
2012-02-28,1785.84998
2012-02-29,1695.19995
2012-03-01,1716.55005
2012-03-02,1712.30005
2012-03-05,1706.69995
2012-03-06,1674.0
2012-03-07,1684.94995
2012-03-08,1700.65002
2012-03-09,1713.089966
2012-03-12,1700.53003
2012-03-13,1675.5
2012-03-14,1643.59998
2012-03-15,1658.22998
2012-03-16,1660.65002
2012-03-19,1664.55005
2012-03-20,1650.34998
2012-03-21,1650.5
2012-03-22,1644.84998
2012-03-23,1662.26001
2012-03-26,1689.97998
2012-03-27,1680.050049
2012-03-28,1662.18005
2012-03-29,1661.38
2012-03-30,1668.90002
2012-04-02,1677.75
2012-04-03,1645.32996
2012-04-04,1620.22998
2012-04-05,1631.25
2012-04-06,1639.48999
2012-04-09,1641.28003
2012-04-10,1660.34998
2012-04-11,1657.94995
2012-04-12,1675.47998
2012-04-13,1659.0
2012-04-16,1652.099976
2012-04-17,1649.90002
2012-04-18,1642.069946
2012-04-19,1643.59998
2012-04-20,1642.69995
2012-04-23,1638.69995
2012-04-24,1641.0
2012-04-25,1644.69995
2012-04-26,1656.90002
2012-04-27,1662.050049
2012-04-30,1664.35999
2012-05-01,1662.099976
2012-05-02,1653.5
2012-05-03,1635.76001
2012-05-04,1642.82996
2012-05-07,1639.15002
2012-05-08,1605.0
2012-05-09,1589.33997
2012-05-10,1593.66003
2012-05-11,1580.050049
2012-05-14,1556.84998
2012-05-15,1544.44995
2012-05-16,1540.050049
2012-05-17,1574.0
2012-05-18,1593.089966
2012-05-21,1592.65002
2012-05-22,1568.94995
2012-05-23,1562.0
2012-05-24,1559.0
2012-05-25,1573.44995
2012-05-28,1573.32996
2012-05-29,1555.75
2012-05-30,1562.44995
2012-05-31,1560.69995
2012-06-01,1626.25
2012-06-04,1618.40002
2012-06-05,1617.099976
2012-06-06,1620.40002
2012-06-07,1589.0
2012-06-08,1594.44995
2012-06-11,1596.44995
2012-06-12,1610.050049
2012-06-13,1618.34998
2012-06-14,1623.31995
2012-06-15,1626.76001
2012-06-18,1628.40002
2012-06-19,1618.069946
2012-06-20,1605.90002
2012-06-21,1565.30005
2012-06-22,1572.15002
2012-06-25,1584.59998
2012-06-26,1572.15002
2012-06-27,1574.30005
2012-06-28,1551.90002
2012-06-29,1598.59998
2012-07-02,1596.34998
2012-07-03,1616.65002
2012-07-04,1615.63
2012-07-05,1604.75
2012-07-06,1582.90002
2012-07-09,1587.15002
2012-07-10,1566.5
2012-07-11,1576.90002
2012-07-12,1572.40002
2012-07-13,1589.050049
2012-07-16,1589.34998
2012-07-17,1582.75
2012-07-18,1573.80005
2012-07-19,1582.050049
2012-07-20,1583.63
2012-07-23,1576.90002
2012-07-24,1580.5
2012-07-25,1605.38
2012-07-26,1616.19995
2012-07-27,1623.28003
2012-07-30,1621.099976
2012-07-31,1613.90002
2012-08-01,1599.19995
2012-08-02,1590.34998
2012-08-03,1604.30005
2012-08-06,1611.0
2012-08-07,1611.18005
2012-08-08,1611.90002
2012-08-09,1617.69995
2012-08-10,1620.050049
2012-08-13,1610.15002
2012-08-14,1598.65002
2012-08-15,1603.38
2012-08-16,1614.80005
2012-08-17,1615.80005
2012-08-20,1620.69995
2012-08-21,1638.5
2012-08-22,1654.0
2012-08-23,1670.65002
2012-08-24,1670.34998
2012-08-27,1664.099976
2012-08-28,1667.030029
2012-08-29,1656.55005
2012-08-30,1656.15002
2012-08-31,1691.15002
2012-09-03,1692.40002
2012-09-04,1696.40002
2012-09-05,1693.65002
2012-09-06,1701.65002
2012-09-07,1736.5
2012-09-10,1725.80005
2012-09-11,1731.75
2012-09-12,1731.5
2012-09-13,1766.90002
2012-09-14,1772.47998
2012-09-17,1761.44995
2012-09-18,1770.94995
2012-09-19,1769.80005
2012-09-20,1766.69995
2012-09-21,1773.050049
2012-09-24,1764.15002
2012-09-25,1760.65002
2012-09-26,1752.19995
2012-09-27,1777.90002
2012-09-28,1771.21997
2012-10-01,1774.40002
2012-10-02,1778.0
2012-10-03,1779.15002
2012-10-04,1790.55005
2012-10-05,1780.97998
2012-10-08,1774.90002
2012-10-09,1764.15002
2012-10-10,1762.55005
2012-10-11,1768.80005
2012-10-12,1754.25
2012-10-15,1736.099976
2012-10-16,1747.80005
2012-10-17,1750.30005
2012-10-18,1741.69995
2012-10-19,1720.90002
2012-10-22,1729.44995
2012-10-23,1708.69995
2012-10-24,1702.43005
2012-10-25,1711.80005
2012-10-26,1711.34998
2012-10-29,1709.84998
2012-10-30,1709.48999
2012-10-31,1720.55005
2012-11-01,1714.69995
2012-11-02,1677.84998
2012-11-05,1684.59998
2012-11-06,1715.94995
2012-11-07,1716.68994
2012-11-08,1730.98999
2012-11-09,1731.23999
2012-11-12,1728.34998
2012-11-13,1725.5
2012-11-14,1726.44995
2012-11-15,1715.80005
2012-11-16,1713.69995
2012-11-19,1731.93994
2012-11-20,1728.65002
2012-11-21,1729.10999
2012-11-22,1729.55005
2012-11-23,1753.0
2012-11-26,1749.099976
2012-11-27,1742.050049
2012-11-28,1719.68994
2012-11-29,1725.40002
2012-11-30,1714.80005
2012-12-03,1715.25
2012-12-04,1697.34998
2012-12-05,1693.98999
2012-12-06,1699.14001
2012-12-07,1703.65002
2012-12-10,1710.25
2012-12-11,1710.099976
2012-12-12,1711.94995
2012-12-13,1697.30005
2012-12-14,1695.46997
2012-12-17,1697.93005
2012-12-18,1670.15002
2012-12-19,1666.93994
2012-12-20,1647.75
2012-12-21,1656.98999
2012-12-24,1657.47998
2012-12-25,1658.90002
2012-12-26,1660.14001
2012-12-27,1663.90002
2012-12-28,1655.40002
2012-12-31,1674.94995
2013-01-01,1675.15002
2013-01-02,1686.75
2013-01-03,1663.34998
2013-01-04,1656.84998
2013-01-07,1647.25
2013-01-08,1659.0
2013-01-09,1657.90002
2013-01-10,1675.25
2013-01-11,1663.050049
2013-01-14,1667.19995
2013-01-15,1678.90002
2013-01-16,1679.5
2013-01-17,1687.64001
2013-01-18,1683.94995
2013-01-21,1690.050049
2013-01-22,1692.099976
2013-01-23,1685.75
2013-01-24,1667.73999
2013-01-25,1658.68994
2013-01-28,1654.94995
2013-01-29,1663.84998
2013-01-30,1677.099976
2013-01-31,1663.59998
2013-02-01,1667.15002
2013-02-04,1674.40002
2013-02-05,1673.0
2013-02-06,1677.48999
2013-02-07,1671.30005
2013-02-08,1667.5
2013-02-11,1649.73999
2013-02-12,1650.80005
2013-02-13,1642.73999
2013-02-14,1634.84998
2013-02-15,1609.43994
2013-02-18,1610.050049
2013-02-19,1604.59998
2013-02-20,1562.90002
2013-02-21,1576.050049
2013-02-22,1580.69995
2013-02-25,1594.23999
2013-02-26,1613.48999
2013-02-27,1597.59998
2013-02-28,1580.14001
2013-03-01,1575.23999
2013-03-04,1573.94995
2013-03-05,1575.43994
2013-03-06,1583.68994
2013-03-07,1578.90002
2013-03-08,1578.34998
2013-03-11,1581.0
2013-03-12,1592.69995
2013-03-13,1587.80005
2013-03-14,1590.30005
2013-03-15,1592.44995
2013-03-18,1605.30005
2013-03-19,1613.40002
2013-03-20,1606.5
2013-03-21,1614.69995
2013-03-22,1608.44995
2013-03-25,1605.40002
2013-03-26,1599.19995
2013-03-27,1605.40002
2013-03-28,1596.73999
2013-04-01,1598.90002
2013-04-02,1575.84998
2013-04-03,1557.84998
2013-04-04,1553.31995
2013-04-05,1582.0
2013-04-08,1573.69995
2013-04-09,1585.19995
2013-04-10,1558.75
2013-04-11,1561.34998
2013-04-12,1478.84998
2013-04-15,1353.25
2013-04-16,1368.90002
2013-04-17,1377.0
2013-04-18,1391.25
2013-04-19,1404.34998
2013-04-22,1426.25
2013-04-23,1413.34998
2013-04-24,1431.30005
2013-04-25,1467.84998
2013-04-26,1463.0
2013-04-29,1476.65002
2013-04-30,1477.099976
2013-05-01,1457.59998
2013-05-02,1467.099976
2013-05-03,1470.69995
2013-05-06,1469.5
2013-05-07,1452.59998
2013-05-08,1472.80005
2013-05-09,1458.19995
2013-05-10,1448.19995
2013-05-13,1430.55005
2013-05-14,1426.0
2013-05-15,1392.90002
2013-05-16,1386.30005
2013-05-17,1359.19995
2013-05-20,1394.15002
2013-05-21,1376.30005
2013-05-22,1369.40002
2013-05-23,1391.19995
2013-05-24,1386.050049
2013-05-27,1394.78003
2013-05-28,1380.84998
2013-05-29,1392.94995
2013-05-30,1413.75
2013-05-31,1386.90002
2013-06-03,1411.59998
2013-06-04,1399.90002
2013-06-05,1403.30005
2013-06-06,1413.65002
2013-06-07,1384.46997
2013-06-10,1386.90002
2013-06-11,1379.59998
2013-06-12,1388.40002
2013-06-13,1386.050049
2013-06-14,1390.69995
2013-06-17,1384.84998
2013-06-18,1368.40002
2013-06-19,1351.30005
2013-06-20,1278.0
2013-06-21,1297.25
2013-06-24,1281.90002
2013-06-25,1277.34998
2013-06-26,1226.34998
2013-06-27,1200.75
2013-06-28,1234.25
2013-07-01,1253.30005
2013-07-02,1242.5
2013-07-03,1252.30005
2013-07-04,1250.30005
2013-07-05,1223.80005
2013-07-08,1237.0
2013-07-09,1249.94995
2013-07-10,1264.25
2013-07-11,1285.30005
2013-07-12,1284.90002
2013-07-15,1282.59998
2013-07-16,1292.59998
2013-07-17,1276.0
2013-07-18,1285.099976
2013-07-19,1296.34998
2013-07-22,1335.90002
2013-07-23,1348.099976
2013-07-24,1321.30005
2013-07-25,1333.65002
2013-07-26,1333.90002
2013-07-29,1327.59998
2013-07-30,1327.30005
2013-07-31,1323.099976
2013-08-01,1308.94995
2013-08-02,1312.0
2013-08-05,1303.94995
2013-08-06,1281.90002
2013-08-07,1287.75
2013-08-08,1312.0
2013-08-09,1314.5
2013-08-12,1336.40002
2013-08-13,1321.30005
2013-08-14,1335.19995
2013-08-15,1366.050049
2013-08-16,1376.40002
2013-08-19,1365.97998
2013-08-20,1371.17004
2013-08-21,1366.34998
2013-08-22,1375.84998
2013-08-23,1396.84998
2013-08-26,1404.90002
2013-08-27,1416.65002
2013-08-28,1418.5
2013-08-29,1408.25
2013-08-30,1396.40002
2013-09-02,1394.90002
2013-09-03,1412.65002
2013-09-04,1391.44995
2013-09-05,1367.84998
2013-09-06,1391.60999
2013-09-09,1387.050049
2013-09-10,1364.44995
2013-09-11,1366.75
2013-09-12,1321.050049
2013-09-13,1326.71997
2013-09-16,1314.0
2013-09-17,1309.65002
2013-09-18,1365.15002
2013-09-19,1365.0
2013-09-20,1325.38
2013-09-23,1322.15002
2013-09-24,1323.19995
2013-09-25,1333.59998
2013-09-26,1323.69995
2013-09-27,1336.19995
2013-09-30,1327.55005
2013-10-01,1286.59998
2013-10-02,1315.25
2013-10-03,1317.30005
2013-10-04,1311.34998
2013-10-07,1321.79004
2013-10-08,1318.80005
2013-10-09,1307.19995
2013-10-10,1286.23999
2013-10-11,1273.10999
2013-10-14,1273.40002
2013-10-15,1280.80005
2013-10-16,1281.59998
2013-10-17,1319.69995
2013-10-18,1316.23999
2013-10-21,1315.75
2013-10-22,1340.65002
2013-10-23,1332.34998
2013-10-24,1347.15002
2013-10-25,1352.13
2013-10-28,1352.19995
2013-10-29,1344.30005
2013-10-30,1342.80005
2013-10-31,1323.80005
2013-11-01,1315.34998
2013-11-04,1314.73999
2013-11-05,1311.59998
2013-11-06,1318.40002
2013-11-07,1307.94995
2013-11-08,1288.19995
2013-11-11,1283.28003
2013-11-12,1267.98999
2013-11-13,1278.98999
2013-11-14,1287.39001
2013-11-15,1290.050049
2013-11-18,1274.34998
2013-11-19,1275.25
2013-11-20,1243.19995
2013-11-21,1242.75
2013-11-22,1243.59998
2013-11-25,1252.59998
2013-11-26,1243.30005
2013-11-27,1237.40002
2013-11-28,1244.15002
2013-11-29,1253.48999
2013-12-02,1220.050049
2013-12-03,1223.89001
2013-12-04,1243.66003
2013-12-05,1224.88
2013-12-06,1228.84998
2013-12-09,1240.93994
2013-12-10,1260.71997
2013-12-11,1251.75
2013-12-12,1223.80005
2013-12-13,1238.30005
2013-12-16,1240.56995
2013-12-17,1230.099976
2013-12-18,1218.069946
2013-12-19,1190.099976
2013-12-20,1203.25
2013-12-23,1198.83997
2013-12-24,1204.34998
2013-12-25,1204.69995
2013-12-26,1210.69995
2013-12-27,1213.18994
2013-12-30,1196.40002
2013-12-31,1205.55005
2014-01-01,1205.90002
2014-01-02,1224.89001
2014-01-03,1236.55005
2014-01-06,1238.050049
2014-01-07,1232.099976
2014-01-08,1226.099976
2014-01-09,1228.0
2014-01-10,1247.099976
2014-01-13,1253.43994
2014-01-14,1245.099976
2014-01-15,1241.73999
2014-01-16,1242.55005
2014-01-17,1253.81995
2014-01-20,1254.34998
2014-01-21,1241.48999
2014-01-22,1236.48999
2014-01-23,1264.34998
2014-01-24,1269.25
2014-01-27,1257.069946
2014-01-28,1256.55005
2014-01-29,1268.40002
2014-01-30,1243.69995
2014-01-31,1243.80005
2014-02-03,1257.64001
2014-02-04,1255.0
2014-02-05,1258.01001
2014-02-06,1257.64001
2014-02-07,1267.060059
2014-02-10,1274.90002
2014-02-11,1291.84998
2014-02-12,1291.25
2014-02-13,1302.69995
2014-02-14,1318.93005
2014-02-17,1329.099976
2014-02-18,1321.59998
2014-02-19,1311.80005
2014-02-20,1322.89001
2014-02-21,1323.39001
2014-02-24,1337.0
2014-02-25,1340.75
2014-02-26,1330.75
2014-02-27,1331.43994
2014-02-28,1326.40002
2014-03-03,1350.90002
2014-03-04,1334.90002
2014-03-05,1337.39001
2014-03-06,1351.34998
2014-03-07,1340.25
2014-03-10,1339.15002
2014-03-11,1349.94995
2014-03-12,1367.079956
2014-03-13,1370.59998
2014-03-14,1382.23999
2014-03-17,1366.94995
2014-03-18,1356.25
2014-03-19,1331.44995
2014-03-20,1328.5
2014-03-21,1334.55005
2014-03-24,1309.62
2014-03-25,1311.050049
2014-03-26,1304.099976
2014-03-27,1291.14001
2014-03-28,1294.0
2014-03-31,1284.25
2014-04-01,1279.15002
2014-04-02,1289.80005
2014-04-03,1287.30005
2014-04-04,1302.69995
2014-04-07,1296.65002
2014-04-08,1308.71997
2014-04-09,1311.90002
2014-04-10,1318.92004
2014-04-11,1318.46997
2014-04-14,1326.40002
2014-04-15,1302.65002
2014-04-16,1302.80005
2014-04-17,1294.84998
2014-04-18,1293.78003
2014-04-21,1290.15002
2014-04-22,1283.5
2014-04-23,1283.90002
2014-04-24,1293.84998
2014-04-25,1303.44995
2014-04-28,1296.099976
2014-04-29,1296.47998
2014-04-30,1291.90002
2014-05-01,1284.099976
2014-05-02,1300.31995
2014-05-05,1309.84998
2014-05-06,1307.65002
2014-05-07,1289.55005
2014-05-08,1289.59998
2014-05-09,1289.32996
2014-05-12,1295.80005
2014-05-13,1293.34998
2014-05-14,1305.59998
2014-05-15,1296.34998
2014-05-16,1293.69995
2014-05-19,1291.94995
2014-05-20,1294.25
2014-05-21,1291.84998
2014-05-22,1293.84998
2014-05-23,1293.10999
2014-05-26,1293.050049
2014-05-27,1263.69995
2014-05-28,1258.5
2014-05-29,1256.050049
2014-05-30,1251.050049
2014-06-02,1244.34998
2014-06-03,1244.65002
2014-06-04,1243.80005
2014-06-05,1253.59998
2014-06-06,1252.72998
2014-06-09,1252.079956
2014-06-10,1260.80005
2014-06-11,1260.73999
2014-06-12,1273.35999
2014-06-13,1277.0
2014-06-16,1271.59998
2014-06-17,1271.5
2014-06-18,1278.40002
2014-06-19,1320.099976
2014-06-20,1314.81995
2014-06-23,1318.099976
2014-06-24,1318.30005
2014-06-25,1319.5
2014-06-26,1317.94995
2014-06-27,1315.34998
2014-06-30,1327.5
2014-07-01,1325.75
2014-07-02,1327.44995
2014-07-03,1319.80005
2014-07-04,1320.55005
2014-07-07,1320.19995
2014-07-08,1318.94995
2014-07-09,1326.69995
2014-07-10,1335.55005
2014-07-11,1338.15002
2014-07-14,1307.15002
2014-07-15,1294.44995
2014-07-16,1299.37
2014-07-17,1318.25
2014-07-18,1310.90002
2014-07-21,1311.90002
2014-07-22,1307.34998
2014-07-23,1304.15002
2014-07-24,1293.34998
2014-07-25,1308.050049
2014-07-28,1304.25
2014-07-29,1298.75
2014-07-30,1295.050049
2014-07-31,1282.34998
2014-08-01,1294.099976
2014-08-04,1288.34998
2014-08-05,1288.0
2014-08-06,1306.25
2014-08-07,1313.55005
2014-08-08,1309.59998
2014-08-11,1308.099976
2014-08-12,1308.59998
2014-08-13,1312.85999
2014-08-14,1313.23999
2014-08-15,1304.59998
2014-08-18,1297.45996
2014-08-19,1295.5
2014-08-20,1292.15002
2014-08-21,1277.25
2014-08-22,1281.22998
2014-08-25,1276.59998
2014-08-26,1280.90002
2014-08-27,1282.94995
2014-08-28,1290.0
2014-08-29,1287.56995
2014-09-01,1287.30005
2014-09-02,1265.90002
2014-09-03,1269.069946
2014-09-04,1261.099976
2014-09-05,1268.84998
2014-09-08,1255.69995
2014-09-09,1256.19995
2014-09-10,1248.75
2014-09-11,1240.75
2014-09-12,1228.63
2014-09-15,1233.0
2014-09-16,1235.19995
2014-09-17,1223.25
2014-09-18,1225.44995
2014-09-19,1216.44995
2014-09-22,1215.050049
2014-09-23,1222.94995
2014-09-24,1217.050049
2014-09-25,1222.62
2014-09-26,1219.51001
2014-09-29,1215.94995
2014-09-30,1209.23999
2014-10-01,1213.65002
2014-10-02,1213.5
2014-10-03,1191.19995
2014-10-06,1207.15002
2014-10-07,1209.0
2014-10-08,1221.69995
2014-10-09,1224.15002
2014-10-10,1223.47998
2014-10-13,1237.15002
2014-10-14,1232.75
2014-10-15,1241.069946
2014-10-16,1239.099976
2014-10-17,1238.18994
2014-10-20,1246.59998
2014-10-21,1249.30005
2014-10-22,1241.030029
2014-10-23,1232.15002
2014-10-24,1231.45996
2014-10-27,1225.40002
2014-10-28,1228.40002
2014-10-29,1211.80005
2014-10-30,1198.90002
2014-10-31,1174.42004
2014-11-03,1165.34998
2014-11-04,1168.30005
2014-11-05,1141.40002
2014-11-06,1141.19995
2014-11-07,1176.65002
2014-11-10,1150.59998
2014-11-11,1164.80005
2014-11-12,1160.92004
2014-11-13,1161.95996
2014-11-14,1188.25
2014-11-17,1186.55005
2014-11-18,1197.55005
2014-11-19,1183.30005
2014-11-20,1193.75
2014-11-21,1201.40002
2014-11-24,1197.40002
2014-11-25,1201.18994
2014-11-26,1197.90002
2014-11-27,1191.75
2014-11-28,1167.34998
2014-12-01,1210.90002
2014-12-02,1199.01001
2014-12-03,1209.64001
2014-12-04,1205.78003
2014-12-05,1192.050049
2014-12-08,1203.19995
2014-12-09,1230.84998
2014-12-10,1226.75
2014-12-11,1227.94995
2014-12-12,1222.59998
2014-12-15,1192.59998
2014-12-16,1196.59998
2014-12-17,1188.69995
2014-12-18,1198.40002
2014-12-19,1195.94995
2014-12-22,1175.050049
2014-12-23,1175.68005
2014-12-24,1173.80005
2014-12-26,1195.40002
2014-12-29,1183.099976
2014-12-30,1200.23999
2014-12-31,1183.94995
2015-01-01,1181.96997
2015-01-02,1189.18005
2015-01-05,1204.44995
2015-01-06,1219.19995
2015-01-07,1210.80005
2015-01-08,1208.97998
2015-01-09,1223.40002
2015-01-12,1233.64001
2015-01-13,1230.88
2015-01-14,1229.94995
2015-01-15,1261.64001
2015-01-16,1280.30005
2015-01-19,1277.079956
2015-01-20,1293.93994
2015-01-21,1293.43994
2015-01-22,1301.72998
2015-01-23,1294.55005
2015-01-26,1281.23999
2015-01-27,1292.34998
2015-01-28,1285.099976
2015-01-29,1257.25
2015-01-30,1283.55005
2015-02-02,1275.43994
2015-02-03,1260.19995
2015-02-04,1270.050049
2015-02-05,1264.69995
2015-02-06,1233.71997
2015-02-09,1239.68005
2015-02-10,1234.0
2015-02-11,1219.16003
2015-02-12,1222.5
2015-02-13,1229.69995
2015-02-16,1231.46997
2015-02-17,1209.40002
2015-02-18,1212.98999
2015-02-19,1207.44995
2015-02-20,1202.39001
2015-02-23,1201.92004
2015-02-24,1199.89001
2015-02-25,1204.80005
2015-02-26,1209.050049
2015-02-27,1213.15002
2015-03-02,1207.099976
2015-03-03,1203.80005
2015-03-04,1199.84998
2015-03-05,1198.59998
2015-03-06,1167.20996
2015-03-09,1167.30005
2015-03-10,1161.93005
2015-03-11,1154.80005
2015-03-12,1153.69995
2015-03-13,1159.47998
2015-03-16,1154.58997
2015-03-17,1149.30005
2015-03-18,1167.25
2015-03-19,1171.30005
2015-03-20,1182.68005
2015-03-23,1189.30005
2015-03-24,1193.13
2015-03-25,1195.44995
2015-03-26,1204.38
2015-03-27,1199.30005
2015-03-30,1186.19995
2015-03-31,1183.5
2015-04-01,1204.099976
2015-04-02,1202.58997
2015-04-03,1210.90002
2015-04-06,1214.69995
2015-04-07,1208.59998
2015-04-08,1202.80005
2015-04-09,1195.01001
2015-04-10,1208.050049
2015-04-13,1198.84998
2015-04-14,1193.57996
2015-04-15,1202.050049
2015-04-16,1197.65002
2015-04-17,1204.65002
2015-04-20,1196.5
2015-04-21,1202.68005
2015-04-22,1187.30005
2015-04-23,1194.0
2015-04-24,1179.38
2015-04-27,1202.0
2015-04-28,1212.099976
2015-04-29,1204.80005
2015-04-30,1184.37
2015-05-01,1178.5
2015-05-04,1188.25
2015-05-05,1193.32996
2015-05-06,1191.80005
2015-05-07,1184.80005
2015-05-08,1188.15002
2015-05-11,1184.19995
2015-05-12,1193.5
2015-05-13,1215.72998
2015-05-14,1221.52002
2015-05-15,1223.84998
2015-05-18,1225.73999
2015-05-19,1207.51001
2015-05-20,1209.28003
2015-05-21,1206.44995
2015-05-22,1206.38
2015-05-25,1207.17004
2015-05-26,1187.30005
2015-05-27,1188.15002
2015-05-28,1188.44995
2015-05-29,1190.5
2015-06-01,1189.15002
2015-06-02,1193.38
2015-06-03,1185.5
2015-06-04,1176.26001
2015-06-05,1172.0
2015-06-08,1173.94995
2015-06-09,1176.69995
2015-06-10,1186.47998
2015-06-11,1182.30005
2015-06-12,1180.80005
2015-06-15,1186.40002
2015-06-16,1181.85999
2015-06-17,1185.44995
2015-06-18,1201.42004
2015-06-19,1200.51001
2015-06-22,1185.44995
2015-06-23,1178.43994
2015-06-24,1175.19995
2015-06-25,1173.32996
2015-06-26,1175.069946
2015-06-29,1180.35999
2015-06-30,1172.59998
2015-07-01,1168.80005
2015-07-02,1166.15002
2015-07-03,1167.93994
2015-07-06,1170.15002
2015-07-07,1155.55005
2015-07-08,1158.28003
2015-07-09,1159.65002
2015-07-10,1163.95996
2015-07-13,1158.0
2015-07-14,1155.53003
2015-07-15,1149.65002
2015-07-16,1145.15002
2015-07-17,1134.099976
2015-07-20,1096.94995
2015-07-21,1101.41003
2015-07-22,1093.44995
2015-07-23,1090.80005
2015-07-24,1099.099976
2015-07-27,1094.42004
2015-07-28,1095.34998
2015-07-29,1096.68994
2015-07-30,1088.98999
2015-07-31,1095.65002
2015-08-03,1086.5
2015-08-04,1087.44995
2015-08-05,1085.050049
2015-08-06,1089.41003
2015-08-07,1094.19995
2015-08-10,1104.51001
2015-08-11,1109.01001
2015-08-12,1125.30005
2015-08-13,1115.050049
2015-08-14,1114.10999
2015-08-17,1117.66003
2015-08-18,1118.01001
2015-08-19,1134.45996
2015-08-20,1153.16003
2015-08-21,1161.050049
2015-08-24,1155.050049
2015-08-25,1140.65002
2015-08-26,1125.55005
2015-08-27,1125.70996
2015-08-28,1133.95996
2015-08-31,1134.5
2015-09-01,1140.10999
2015-09-02,1134.050049
2015-09-03,1125.25
2015-09-04,1123.0
2015-09-07,1119.46997
2015-09-08,1121.80005
2015-09-09,1106.099976
2015-09-10,1111.55005
2015-09-11,1107.90002
2015-09-14,1108.80005
2015-09-15,1105.40002
2015-09-16,1119.55005
2015-09-17,1131.40002
2015-09-18,1139.40002
2015-09-21,1133.30005
2015-09-22,1124.80005
2015-09-23,1130.40002
2015-09-24,1154.01001
2015-09-25,1146.23999
2015-09-28,1132.050049
2015-09-29,1127.45996
2015-09-30,1115.0
2015-10-01,1113.55005
2015-10-02,1138.14001
2015-10-05,1135.75
2015-10-06,1147.10999
2015-10-07,1145.40002
2015-10-08,1138.95996
2015-10-09,1157.53003
2015-10-12,1164.0
2015-10-13,1168.80005
2015-10-14,1185.18994
2015-10-15,1183.10999
2015-10-16,1177.19995
2015-10-19,1170.44995
2015-10-20,1176.10999
2015-10-21,1167.099976
2015-10-22,1166.050049
2015-10-23,1164.26001
2015-10-26,1163.19995
2015-10-27,1166.94995
2015-10-28,1156.099976
2015-10-29,1145.91003
2015-10-30,1142.38
2015-11-02,1133.75
2015-11-03,1117.59998
2015-11-04,1107.43994
2015-11-05,1103.94995
2015-11-06,1088.64001
2015-11-09,1092.099976
2015-11-10,1089.91003
2015-11-11,1086.14001
2015-11-12,1085.050049
2015-11-13,1083.64001
2015-11-16,1082.84998
2015-11-17,1070.37
2015-11-18,1071.14001
2015-11-19,1082.40002
2015-11-20,1078.099976
2015-11-23,1069.33997
2015-11-24,1075.48999
2015-11-25,1071.39001
2015-11-26,1072.25
2015-11-27,1058.81006
2015-11-30,1064.42004
2015-12-01,1069.48999
2015-12-02,1053.68994
2015-12-03,1062.56995
2015-12-04,1086.98999
2015-12-07,1070.39001
2015-12-08,1074.68994
2015-12-09,1073.20996
2015-12-10,1071.54004
2015-12-11,1074.89001
2015-12-14,1062.90002
2015-12-15,1060.73999
2015-12-16,1072.93994
2015-12-17,1051.73999
2015-12-18,1066.18994
2015-12-21,1078.43994
2015-12-22,1072.35999
2015-12-23,1070.34998
2015-12-24,1075.88
2015-12-25,1075.88
2015-12-28,1069.050049
2015-12-29,1068.98999
2015-12-30,1061.44995
2015-12-31,1061.30005
2016-01-01,1060.73999
2016-01-04,1074.69995
2016-01-05,1077.66003
2016-01-06,1094.44995
2016-01-07,1109.25
2016-01-08,1104.23999
2016-01-11,1094.26001
2016-01-12,1087.050049
2016-01-13,1093.48999
2016-01-14,1078.0
2016-01-15,1089.099976
2016-01-18,1088.90002
2016-01-19,1087.12
2016-01-20,1101.02002
2016-01-21,1101.59998
2016-01-22,1098.30005
2016-01-25,1108.050049
2016-01-26,1120.56995
2016-01-27,1125.58997
2016-01-28,1115.14001
2016-01-29,1118.040039
2016-02-01,1128.84998
2016-02-02,1129.12
2016-02-03,1142.93005
2016-02-04,1155.73999
2016-02-05,1173.68994
2016-02-08,1191.14001
2016-02-09,1188.84998
2016-02-10,1197.48999
2016-02-11,1246.89001
2016-02-12,1238.050049
2016-02-15,1209.94995
2016-02-16,1200.34998
2016-02-17,1209.14001
2016-02-18,1232.34998
2016-02-19,1228.18994
2016-02-22,1208.73999
2016-02-23,1227.45996
2016-02-24,1229.34998
2016-02-25,1234.64001
2016-02-26,1222.59998
2016-02-29,1238.14001
2016-03-01,1232.26001
2016-03-02,1240.30005
2016-03-03,1263.68994
2016-03-04,1259.43994
2016-03-07,1267.39001
2016-03-08,1261.099976
2016-03-09,1252.93994
2016-03-10,1271.43994
2016-03-11,1248.43994
2016-03-14,1235.28003
2016-03-15,1232.38
2016-03-16,1263.079956
2016-03-17,1257.90002
2016-03-18,1255.30005
2016-03-21,1243.73999
2016-03-22,1248.38
2016-03-23,1220.17004
2016-03-24,1216.98999
2016-03-25,1216.46997
2016-03-28,1221.050049
2016-03-29,1242.55005
2016-03-30,1224.84998
2016-03-31,1232.69995
2016-04-01,1222.48999
2016-04-04,1215.40002
2016-04-05,1231.14001
2016-04-06,1222.34998
2016-04-07,1240.68994
2016-04-08,1240.39001
2016-04-11,1257.94995
2016-04-12,1255.93994
2016-04-13,1243.14001
2016-04-14,1227.39001
2016-04-15,1234.050049
2016-04-18,1231.55005
2016-04-19,1250.5
2016-04-20,1244.050049
2016-04-21,1248.84998
2016-04-22,1232.30005
2016-04-25,1237.90002
2016-04-26,1243.43994
2016-04-27,1246.099976
2016-04-28,1266.47998
2016-04-29,1293.73999
2016-05-02,1291.59998
2016-05-03,1286.0
2016-05-04,1279.48999
2016-05-05,1278.050049
2016-05-06,1288.69995
2016-05-09,1263.84998
2016-05-10,1266.40002
2016-05-11,1277.68994
2016-05-12,1263.48999
2016-05-13,1273.59998
2016-05-16,1273.85999
2016-05-17,1280.0
2016-05-18,1258.30005
2016-05-19,1255.099976
2016-05-20,1252.30005
2016-05-23,1249.23999
2016-05-24,1227.0
2016-05-25,1224.18005
2016-05-26,1220.15002
2016-05-27,1212.40002
2016-05-30,1205.57996
2016-05-31,1215.23999
2016-06-01,1213.34998
2016-06-02,1210.94995
2016-06-03,1244.48999
2016-06-06,1245.23999
2016-06-07,1243.84998
2016-06-08,1262.14001
2016-06-09,1269.15002
2016-06-10,1274.19995
2016-06-13,1284.050049
2016-06-14,1285.84998
2016-06-15,1291.48999
2016-06-16,1279.14001
2016-06-17,1298.59998
2016-06-20,1290.15002
2016-06-21,1268.43994
2016-06-22,1266.31006
2016-06-23,1255.65002
2016-06-24,1315.97998
2016-06-27,1324.80005
2016-06-28,1312.51001
2016-06-29,1318.89001
2016-06-30,1322.18005
2016-07-01,1342.30005
2016-07-04,1350.78003
2016-07-05,1356.14001
2016-07-06,1363.89001
2016-07-07,1360.59998
2016-07-08,1366.80005
2016-07-11,1355.25
2016-07-12,1331.65002
2016-07-13,1342.84998
2016-07-14,1335.099976
2016-07-15,1337.84998
2016-07-18,1328.79004
2016-07-19,1332.13
2016-07-20,1315.94995
2016-07-21,1331.089966
2016-07-22,1322.38
2016-07-25,1315.56006
2016-07-26,1320.31995
2016-07-27,1339.85999
2016-07-28,1335.79004
2016-07-29,1350.91003
2016-08-01,1353.20996
2016-08-02,1363.68005
2016-08-03,1357.90002
2016-08-04,1361.19995
2016-08-05,1335.80005
2016-08-08,1335.38
2016-08-09,1340.75
2016-08-10,1346.67004
2016-08-11,1338.87
2016-08-12,1336.18994
2016-08-15,1339.35999
2016-08-16,1346.079956
2016-08-17,1348.66003
2016-08-18,1352.33997
2016-08-19,1341.78003
2016-08-22,1339.02002
2016-08-23,1338.099976
2016-08-24,1323.75
2016-08-25,1321.69995
2016-08-26,1321.32996
2016-08-29,1323.41003
2016-08-30,1311.15002
2016-08-31,1308.94995
2016-09-01,1313.79004
2016-09-02,1325.01001
2016-09-05,1327.079956
2016-09-06,1349.88
2016-09-07,1345.23999
2016-09-08,1338.34998
2016-09-09,1328.15002
2016-09-12,1327.63
2016-09-13,1319.050049
2016-09-14,1322.96997
2016-09-15,1314.25
2016-09-16,1310.43005
2016-09-19,1313.39001
2016-09-20,1315.099976
2016-09-21,1336.84998
2016-09-22,1337.30005
2016-09-23,1337.60999
2016-09-26,1337.96997
2016-09-27,1327.35999
2016-09-28,1321.41003
2016-09-29,1320.27002
2016-09-30,1315.95996
2016-10-03,1311.95996
2016-10-04,1268.30005
2016-10-05,1266.69995
2016-10-06,1254.73999
2016-10-07,1256.96997
2016-10-10,1259.73999
2016-10-11,1253.25
2016-10-12,1255.32996
2016-10-13,1258.12
2016-10-14,1250.55005
2016-10-17,1255.69995
2016-10-18,1262.83997
2016-10-19,1269.40002
2016-10-20,1266.0
2016-10-21,1266.75
2016-10-24,1264.43994
2016-10-25,1274.34998
2016-10-26,1266.98999
2016-10-27,1268.30005
2016-10-28,1276.30005
2016-10-31,1277.38
2016-11-01,1288.15002
2016-11-02,1297.39001
2016-11-03,1303.75
2016-11-04,1304.25
2016-11-07,1281.41003
2016-11-08,1275.64001
2016-11-09,1278.0
2016-11-10,1259.76001
2016-11-11,1225.68005
2016-11-14,1220.26001
2016-11-15,1228.079956
2016-11-16,1225.30005
2016-11-17,1216.39001
2016-11-18,1208.68994
2016-11-21,1214.050049
2016-11-22,1212.23999
2016-11-23,1187.77002
2016-11-24,1184.0
2016-11-25,1183.63
2016-11-28,1193.43994
2016-11-29,1188.45996
2016-11-30,1173.10999
2016-12-01,1171.30005
2016-12-02,1176.92004
2016-12-05,1170.26001
2016-12-06,1169.73999
2016-12-07,1174.0
2016-12-08,1170.55005
2016-12-09,1157.87
2016-12-12,1162.20996
2016-12-13,1158.34998
2016-12-14,1144.25
2016-12-15,1128.43005
2016-12-16,1134.089966
2016-12-19,1139.050049
2016-12-20,1132.19995
2016-12-21,1131.80005
2016-12-22,1128.68994
2016-12-23,1133.48999
2016-12-26,1133.93994
2016-12-27,1139.34998
2016-12-28,1142.44995
2016-12-29,1158.31995
2016-12-30,1151.84998
2017-01-02,1150.52002
2017-01-03,1158.91003
2017-01-04,1163.80005
2017-01-05,1180.47998
2017-01-06,1172.81006
2017-01-09,1181.27002
2017-01-10,1187.73999
2017-01-11,1191.84998
2017-01-12,1195.66003
2017-01-13,1197.66003
2017-01-16,1203.17004
2017-01-17,1216.54004
2017-01-18,1203.64001
2017-01-19,1205.14001
2017-01-20,1209.95996
2017-01-23,1217.47998
2017-01-24,1208.81006
2017-01-25,1200.31006
2017-01-26,1188.56995
2017-01-27,1191.59998
2017-01-30,1195.34998
2017-01-31,1210.63
2017-02-01,1209.48999
2017-02-02,1215.93005
2017-02-03,1219.88
2017-02-06,1235.58997
2017-02-07,1233.71997
2017-02-08,1241.98999
2017-02-09,1230.89001
2017-02-10,1234.12
2017-02-13,1225.43994
2017-02-14,1228.60999
2017-02-15,1232.93994
2017-02-16,1239.14001
2017-02-17,1235.29004
2017-02-20,1238.38
2017-02-21,1235.96997
2017-02-22,1237.68994
2017-02-23,1249.41003
2017-02-24,1256.93994
2017-02-27,1252.76001
2017-02-28,1248.58997
2017-03-01,1248.93994
2017-03-02,1235.30005
2017-03-03,1234.30005
2017-03-06,1225.95996
2017-03-07,1215.67004
2017-03-08,1207.57996
2017-03-09,1200.82996
2017-03-10,1204.55005
2017-03-13,1204.050049
2017-03-14,1199.079956
2017-03-15,1219.40002
2017-03-16,1226.78003
2017-03-17,1229.15002
2017-03-20,1233.90002
2017-03-21,1245.0
2017-03-22,1249.34998
2017-03-23,1245.30005
2017-03-24,1244.17004
2017-03-27,1254.30005
2017-03-28,1251.63
2017-03-29,1252.44995
2017-03-30,1243.30005
2017-03-31,1249.13
2017-04-03,1253.34998
2017-04-04,1256.21997
2017-04-05,1255.30005
2017-04-06,1251.80005
2017-04-07,1254.050049
2017-04-10,1254.72998
2017-04-11,1274.43994
2017-04-12,1286.59998
2017-04-13,1287.73999
2017-04-14,1285.68994
2017-04-17,1284.80005
2017-04-18,1289.64001
2017-04-19,1279.66003
2017-04-20,1281.84998
2017-04-21,1284.5
2017-04-24,1275.30005
2017-04-25,1263.76001
2017-04-26,1269.050049
2017-04-27,1264.59998
2017-04-28,1268.15002
2017-05-01,1256.80005
2017-05-02,1256.90002
2017-05-03,1238.38
2017-05-04,1227.75
2017-05-05,1227.73999
2017-05-08,1226.30005
2017-05-09,1221.30005
2017-05-10,1219.15002
2017-05-11,1224.84998
2017-05-12,1228.82996
2017-05-15,1230.70996
2017-05-16,1236.80005
2017-05-17,1260.73999
2017-05-18,1247.050049
2017-05-19,1255.55005
2017-05-22,1260.45996
2017-05-23,1251.16003
2017-05-24,1258.55005
2017-05-25,1255.76001
2017-05-26,1267.050049
2017-05-29,1266.96997
2017-05-30,1263.099976
2017-05-31,1268.58997
2017-06-01,1265.64001
2017-06-02,1279.97998
2017-06-05,1279.94995
2017-06-06,1294.0
2017-06-07,1286.91003
2017-06-08,1278.90002
2017-06-09,1266.40002
2017-06-12,1265.73999
2017-06-13,1265.84998
2017-06-14,1261.18005
2017-06-15,1254.0
2017-06-16,1253.63
2017-06-19,1243.25
2017-06-20,1243.18994
2017-06-21,1246.55005
2017-06-22,1250.62
2017-06-23,1256.90002
2017-06-26,1244.44995
2017-06-27,1247.099976
2017-06-28,1249.31995
2017-06-29,1245.73999
2017-06-30,1241.59998
2017-07-03,1220.45996
2017-07-04,1223.96997
2017-07-05,1226.94995
2017-07-06,1225.15002
2017-07-07,1212.90002
2017-07-10,1214.34998
2017-07-11,1217.68994
2017-07-12,1220.0
2017-07-13,1217.44995
2017-07-14,1228.97998
2017-07-17,1234.40002
2017-07-18,1242.45996
2017-07-19,1240.87
2017-07-20,1244.73999
2017-07-21,1254.90002
2017-07-24,1255.23999
2017-07-25,1249.050049
2017-07-26,1261.099976
2017-07-27,1259.0
2017-07-28,1269.25
2017-07-31,1269.55005
2017-08-01,1269.050049
2017-08-02,1266.69995
2017-08-03,1268.65002
2017-08-04,1258.59998
2017-08-07,1257.68994
2017-08-08,1260.64001
2017-08-09,1277.55005
2017-08-10,1286.90002
2017-08-11,1289.20996
2017-08-14,1281.94995
2017-08-15,1272.13
2017-08-16,1283.099976
2017-08-17,1288.01001
2017-08-18,1284.5
2017-08-21,1291.21997
2017-08-22,1284.71997
2017-08-23,1290.62
2017-08-24,1286.32996
2017-08-25,1291.15002
2017-08-28,1310.48999
2017-08-29,1309.5
2017-08-30,1308.76001
2017-08-31,1322.069946
2017-09-01,1324.96997
2017-09-04,1334.67004
2017-09-05,1339.32996
2017-09-06,1334.14001
2017-09-07,1349.19995
2017-09-08,1346.70996
2017-09-11,1327.31995
2017-09-12,1331.93994
2017-09-13,1323.25
2017-09-14,1329.82996
2017-09-15,1319.62
2017-09-18,1307.56995
2017-09-19,1311.28003
2017-09-20,1301.15002
2017-09-21,1291.39001
2017-09-22,1297.38
2017-09-25,1310.55005
2017-09-26,1293.89001
2017-09-27,1281.12
2017-09-28,1287.30005
2017-09-29,1279.44995
2017-10-02,1271.12
2017-10-03,1271.75
2017-10-04,1274.68994
2017-10-05,1268.050049
2017-10-06,1276.030029
2017-10-09,1284.099976
2017-10-10,1287.84998
2017-10-11,1291.80005
2017-10-12,1293.59998
2017-10-13,1304.88
2017-10-16,1294.73999
2017-10-17,1285.18994
2017-10-18,1281.17004
2017-10-19,1289.79004
2017-10-20,1280.71997
2017-10-23,1282.069946
2017-10-24,1276.71997
2017-10-25,1277.41003
2017-10-26,1267.10999
2017-10-27,1273.34998
2017-10-30,1276.23999
2017-10-31,1271.57996
2017-11-01,1274.39001
2017-11-02,1275.98999
2017-11-03,1269.84998
2017-11-06,1281.55005
2017-11-07,1275.53003
2017-11-08,1281.30005
2017-11-09,1285.30005
2017-11-10,1276.14001
2017-11-13,1277.98999
2017-11-14,1280.70996
2017-11-15,1278.80005
2017-11-16,1278.46997
2017-11-17,1294.37
2017-11-20,1276.69995
2017-11-21,1280.47998
2017-11-22,1292.12
2017-11-23,1291.25
2017-11-24,1288.21997
2017-11-27,1294.5
2017-11-28,1294.01001
2017-11-29,1283.56995
2017-11-30,1274.76001
2017-12-01,1280.26001
2017-12-04,1276.22998
2017-12-05,1266.55005
2017-12-06,1263.93994
2017-12-07,1246.69995
2017-12-08,1248.14001
2017-12-11,1241.95996
2017-12-12,1243.84998
2017-12-13,1255.44995
2017-12-14,1252.84998
2017-12-15,1255.26001
2017-12-18,1261.68994
2017-12-19,1261.71997
2017-12-20,1265.62
2017-12-21,1266.76001
2017-12-22,1275.01001
2017-12-25,1275.23999
2017-12-26,1283.29004
2017-12-27,1287.41003
2017-12-28,1294.83997
2017-12-29,1302.55005
2018-01-01,1306.85999
2018-01-02,1318.14001
2018-01-03,1312.83997
2018-01-04,1322.96997
2018-01-05,1320.20996
2018-01-08,1320.57996
2018-01-09,1312.66003
2018-01-10,1317.18994
2018-01-11,1322.42004
2018-01-12,1338.40002
2018-01-15,1340.16003
2018-01-16,1338.60999
2018-01-17,1327.72998
2018-01-18,1327.18994
2018-01-19,1331.80005
2018-01-22,1334.10999
2018-01-23,1341.39001
2018-01-24,1358.15002
2018-01-25,1348.050049
2018-01-26,1350.14001
2018-01-29,1340.34998
2018-01-30,1338.55005
2018-01-31,1345.099976
2018-02-01,1349.18994
2018-02-02,1332.97998
2018-02-05,1339.59998
2018-02-06,1325.02002
2018-02-07,1318.48999
2018-02-08,1318.96997
2018-02-09,1316.68994
2018-02-12,1322.88
2018-02-13,1329.55005
2018-02-14,1350.76001
2018-02-15,1353.30005
2018-02-16,1347.85999
2018-02-19,1346.68994
2018-02-20,1329.48999
2018-02-21,1324.26001
2018-02-22,1331.51001
2018-02-23,1328.93994
2018-02-26,1333.16003
2018-02-27,1318.19995
2018-02-28,1318.050049
2018-03-01,1316.55005
2018-03-02,1322.19995
2018-03-05,1320.01001
2018-03-06,1334.45996
2018-03-07,1325.54004
2018-03-08,1322.34998
2018-03-09,1323.69995
2018-03-12,1323.050049
2018-03-13,1326.39001
2018-03-14,1325.0
2018-03-15,1316.26001
2018-03-16,1314.0
2018-03-19,1316.93994
2018-03-20,1311.20996
2018-03-21,1332.17004
2018-03-22,1328.94995
2018-03-23,1347.21997
2018-03-26,1353.45996
2018-03-27,1344.70996
2018-03-28,1324.98999
2018-03-29,1325.0
2018-04-02,1341.34998
2018-04-03,1332.82996
2018-04-04,1333.34998
2018-04-05,1326.55005
2018-04-06,1333.19995
2018-04-09,1336.23999
2018-04-10,1340.050049
2018-04-11,1353.29004
2018-04-12,1335.47998
2018-04-13,1345.45996
2018-04-16,1345.91003
2018-04-17,1347.29004
2018-04-18,1349.31995
2018-04-19,1345.59998
2018-04-20,1335.12
2018-04-23,1325.0
2018-04-24,1330.68005
2018-04-25,1323.32996
2018-04-26,1317.28003
2018-04-27,1322.80005
2018-04-30,1315.35999
2018-05-01,1303.96997
2018-05-02,1304.84998
2018-05-03,1312.089966
2018-05-04,1315.050049
2018-05-07,1314.30005
2018-05-08,1314.46997
2018-05-09,1312.78003
2018-05-10,1321.39001
2018-05-11,1318.21997
2018-05-14,1312.81995
2018-05-15,1290.64001
2018-05-16,1291.030029
2018-05-17,1291.0
2018-05-18,1292.5
2018-05-21,1292.68005
2018-05-22,1291.31995
2018-05-23,1293.75
2018-05-24,1304.88
2018-05-25,1301.60999
2018-05-28,1298.10999
2018-05-29,1298.85999
2018-05-30,1301.47998
2018-05-31,1298.31995
2018-06-01,1293.14001
2018-06-04,1291.97998
2018-06-05,1296.13
2018-06-06,1297.0
2018-06-07,1297.12
2018-06-08,1298.75
2018-06-11,1300.14001
2018-06-12,1295.96997
2018-06-13,1299.70996
2018-06-14,1302.21997
2018-06-15,1279.83997
2018-06-18,1278.31006
2018-06-19,1274.76001
2018-06-20,1268.099976
2018-06-21,1267.19995
2018-06-22,1269.28003
2018-06-25,1266.0
2018-06-26,1258.98999
2018-06-27,1252.02002
2018-06-28,1248.28003
2018-06-29,1253.0
2018-07-02,1241.96997
2018-07-03,1252.93005
2018-07-04,1256.94995
2018-07-05,1257.76001
2018-07-06,1254.98999
2018-07-09,1257.76001
2018-07-10,1255.65002
2018-07-11,1242.16003
2018-07-12,1247.14001
2018-07-13,1241.52002
2018-07-16,1240.81995
2018-07-17,1227.51001
2018-07-18,1227.18005
2018-07-19,1222.80005
2018-07-20,1231.76001
2018-07-23,1224.54004
2018-07-24,1224.55005
2018-07-25,1231.60999
2018-07-26,1222.67004
2018-07-27,1223.38
2018-07-30,1221.80005
2018-07-31,1223.82996
2018-08-01,1216.050049
2018-08-02,1207.95996
2018-08-03,1213.43005
2018-08-06,1206.93994
2018-08-07,1211.02002
2018-08-08,1213.60999
2018-08-09,1212.34998
2018-08-10,1211.30005
2018-08-13,1193.64001
2018-08-14,1194.030029
2018-08-15,1174.88
2018-08-16,1174.16003
2018-08-17,1184.77002
2018-08-20,1190.53003
2018-08-21,1196.12
2018-08-22,1195.51001
2018-08-23,1185.31006
2018-08-24,1205.96997
2018-08-27,1211.34998
2018-08-28,1201.26001
2018-08-29,1206.66003
2018-08-30,1199.88
2018-08-31,1201.089966
2018-09-03,1201.15002
2018-09-04,1191.34998
2018-09-05,1196.75
2018-09-06,1200.14001
2018-09-07,1195.85999
2018-09-10,1195.88
2018-09-11,1198.29004
2018-09-12,1206.18994
2018-09-13,1201.43994
2018-09-14,1193.70996
2018-09-17,1200.93005
2018-09-18,1198.34998
2018-09-19,1203.98999
2018-09-20,1207.57996
2018-09-21,1199.55005
2018-09-24,1198.85999
2018-09-25,1201.31006
2018-09-26,1194.45996
2018-09-27,1182.80005
2018-09-28,1192.089966
2018-10-01,1188.46997
2018-10-02,1203.099976
2018-10-03,1197.37
2018-10-04,1199.66003
2018-10-05,1202.85999
2018-10-08,1188.01001
2018-10-09,1189.62
2018-10-10,1194.78003
2018-10-11,1224.32996
2018-10-12,1217.93005
2018-10-15,1226.93005
2018-10-16,1224.43005
2018-10-17,1222.68005
2018-10-18,1225.75
2018-10-19,1226.31995
2018-10-22,1222.17004
2018-10-23,1230.48999
2018-10-24,1234.21997
2018-10-25,1232.22998
2018-10-26,1233.58997
2018-10-29,1229.73999
2018-10-30,1223.43994
2018-10-31,1214.54004
2018-11-01,1233.23999
2018-11-02,1232.89001
2018-11-05,1231.30005
2018-11-06,1226.80005
2018-11-07,1226.10999
2018-11-08,1223.54004
2018-11-09,1209.59998
2018-11-12,1200.65002
2018-11-13,1202.34998
2018-11-14,1210.91003
2018-11-15,1213.0
2018-11-16,1221.46997
2018-11-19,1224.050049
2018-11-20,1221.55005
2018-11-21,1226.02002
2018-11-22,1227.44995
2018-11-23,1223.18994
2018-11-26,1222.37
2018-11-27,1214.68994
2018-11-28,1221.10999
2018-11-29,1223.98999
2018-11-30,1221.96997
2018-12-03,1231.079956
2018-12-04,1238.55005
2018-12-05,1237.56006
2018-12-06,1237.98999
2018-12-07,1248.099976
2018-12-10,1244.58997
2018-12-11,1242.93994
2018-12-12,1245.80005
2018-12-13,1242.45996
2018-12-14,1238.20996
2018-12-17,1245.91003
2018-12-18,1249.38
2018-12-19,1243.39001
2018-12-20,1260.14001
2018-12-21,1256.01001
2018-12-24,1269.13
2018-12-26,1266.97998
2018-12-27,1275.21997
2018-12-28,1280.75
2018-12-31,1282.81995
2019-01-01,1282.62
2019-01-02,1284.77002
2019-01-03,1293.98999
2019-01-04,1284.92004
2019-01-07,1288.67004
2019-01-08,1285.34998
2019-01-09,1293.13
2019-01-10,1286.38
2019-01-11,1288.0
2019-01-14,1291.72998
2019-01-15,1289.31006
2019-01-16,1293.52002
2019-01-17,1291.90002
2019-01-18,1281.48999
2019-01-21,1280.28003
2019-01-22,1285.040039
2019-01-23,1282.39001
2019-01-24,1280.93994
2019-01-25,1303.21997
2019-01-28,1303.53003
2019-01-29,1311.93005
2019-01-30,1319.91003
2019-01-31,1320.93994
2019-02-01,1318.0
2019-02-04,1311.75
2019-02-05,1315.01001
2019-02-06,1306.21997
2019-02-07,1310.089966
2019-02-08,1314.069946
2019-02-11,1308.32996
2019-02-12,1310.89001
2019-02-13,1306.18994
2019-02-14,1312.55005
2019-02-15,1321.41003
2019-02-18,1326.90002
2019-02-19,1341.16003
2019-02-20,1338.48999
2019-02-21,1323.48999
2019-02-22,1327.80005
2019-02-25,1327.12
2019-02-26,1328.95996
2019-02-27,1319.88
2019-02-28,1313.050049
2019-03-01,1293.56006
2019-03-04,1286.66003
2019-03-05,1287.43005
2019-03-06,1286.76001
2019-03-07,1285.73999
2019-03-08,1298.39001
2019-03-11,1294.25
2019-03-12,1302.01001
2019-03-13,1309.28003
2019-03-14,1296.28003
2019-03-15,1301.38
2019-03-18,1303.69995
2019-03-19,1306.55005
2019-03-20,1312.47998
2019-03-21,1309.44995
2019-03-22,1313.38
2019-03-25,1321.90002
2019-03-26,1315.51001
2019-03-27,1309.87
2019-03-28,1290.55005
2019-03-29,1292.15002
2019-04-01,1287.66003
2019-04-02,1293.15002
2019-04-03,1289.90002
2019-04-04,1292.38
2019-04-05,1291.69995
2019-04-08,1297.41003
2019-04-09,1304.13
2019-04-10,1308.050049
2019-04-11,1292.59998
2019-04-12,1290.40002
2019-04-15,1287.88
2019-04-16,1276.56995
2019-04-17,1274.14001
2019-04-18,1275.39001
2019-04-22,1274.92004
2019-04-23,1272.40002
2019-04-24,1275.35999
2019-04-25,1277.34998
2019-04-26,1286.25
2019-04-29,1279.80005
2019-04-30,1283.59998
2019-05-01,1276.60999
2019-05-02,1270.54004
2019-05-03,1279.18994
2019-05-06,1280.32996
2019-05-07,1285.15002
2019-05-08,1280.93005
2019-05-09,1284.14001
2019-05-10,1286.0
2019-05-13,1299.90002
2019-05-14,1297.030029
2019-05-15,1296.66003
2019-05-16,1286.65002
2019-05-17,1277.55005
2019-05-20,1277.73999
2019-05-21,1274.96997
2019-05-22,1273.62
2019-05-23,1283.44995
2019-05-24,1284.89001
2019-05-27,1285.19995
2019-05-28,1279.48999
2019-05-29,1279.59998
2019-05-30,1288.84998
2019-05-31,1305.65002
2019-06-03,1325.17004
2019-06-04,1325.28003
2019-06-05,1330.18005
2019-06-06,1335.55005
2019-06-07,1340.69995
2019-06-10,1328.13
2019-06-11,1326.91003
2019-06-12,1333.55005
2019-06-13,1342.34998
2019-06-14,1341.57996
2019-06-17,1339.54004
2019-06-18,1346.47998
2019-06-19,1360.27002
2019-06-20,1388.18005
2019-06-21,1399.050049
2019-06-24,1419.55005
2019-06-25,1423.25
2019-06-26,1408.75
2019-06-27,1409.68005
2019-06-28,1409.5
2019-07-01,1384.31006
2019-07-02,1418.43994
2019-07-03,1418.93994
2019-07-04,1415.64001
2019-07-05,1399.94995
2019-07-08,1395.5
2019-07-09,1397.90002
2019-07-10,1419.0
2019-07-11,1404.0
2019-07-12,1415.73999
2019-07-15,1414.079956
2019-07-16,1406.32996
2019-07-17,1426.80005
2019-07-18,1446.30005
2019-07-19,1425.30005
2019-07-22,1425.12
2019-07-23,1417.39001
2019-07-24,1425.90002
2019-07-25,1414.53003
2019-07-26,1418.68994
2019-07-29,1426.93994
2019-07-30,1430.84998
2019-07-31,1413.80005
2019-08-01,1445.31006
2019-08-02,1440.69995
2019-08-05,1463.80005
2019-08-06,1474.27002
2019-08-07,1501.19995
2019-08-08,1500.94995
2019-08-09,1497.23999
2019-08-12,1511.40002
2019-08-13,1501.39001
2019-08-14,1516.33997
2019-08-15,1523.19995
2019-08-16,1514.15002
2019-08-19,1495.30005
2019-08-20,1507.099976
2019-08-21,1502.30005
2019-08-22,1498.80005
2019-08-23,1526.84998
2019-08-26,1526.34998
2019-08-27,1542.64001
2019-08-28,1539.099976
2019-08-29,1527.69995
2019-08-30,1520.25
2019-09-02,1530.58997
2019-09-03,1547.0
2019-09-04,1552.59998
2019-09-05,1519.34998
2019-09-06,1506.94995
2019-09-09,1498.94995
2019-09-10,1486.40002
2019-09-11,1497.59998
2019-09-12,1498.94995
2019-09-13,1488.69995
2019-09-16,1498.80005
2019-09-17,1503.099976
2019-09-18,1493.90002
2019-09-19,1499.19995
2019-09-20,1517.15002
2019-09-23,1522.12
2019-09-24,1532.30005
2019-09-25,1504.15002
2019-09-26,1505.80005
2019-09-27,1496.93994
2019-09-30,1472.25
2019-10-01,1478.97998
2019-10-02,1499.51001
2019-10-03,1505.0
2019-10-04,1504.59998
2019-10-07,1493.59998
2019-10-08,1505.51001
2019-10-09,1505.69995
2019-10-10,1494.30005
2019-10-11,1489.84998
2019-10-14,1492.90002
2019-10-15,1481.17004
2019-10-16,1489.77002
2019-10-17,1491.89001
2019-10-18,1490.099976
2019-10-21,1484.5
2019-10-22,1488.050049
2019-10-23,1492.099976
2019-10-24,1503.65002
2019-10-25,1504.72998
2019-10-28,1492.68994
2019-10-29,1487.59998
2019-10-30,1495.40002
2019-10-31,1513.35999
2019-11-01,1513.94995
2019-11-04,1509.63
2019-11-05,1484.099976
2019-11-06,1490.45996
2019-11-07,1468.069946
2019-11-08,1458.66003
2019-11-11,1455.90002
2019-11-12,1457.18994
2019-11-13,1463.18994
2019-11-14,1471.19995
2019-11-15,1467.37
2019-11-18,1470.84998
2019-11-19,1472.38
2019-11-20,1471.25
2019-11-21,1464.40002
2019-11-22,1462.29004
2019-11-25,1454.96997
2019-11-26,1461.59998
2019-11-27,1454.34998
2019-11-28,1458.33997
2019-11-29,1464.80005
2019-12-02,1462.43994
2019-12-03,1477.33997
2019-12-04,1474.34998
2019-12-05,1475.69995
2019-12-06,1459.76001
2019-12-09,1461.98999
2019-12-10,1464.20996
2019-12-11,1474.84998
2019-12-12,1469.43005
2019-12-13,1475.81006
2019-12-16,1476.25
2019-12-17,1476.44995
2019-12-18,1475.43994
2019-12-19,1479.15002
2019-12-20,1478.19995
2019-12-23,1485.52002
2019-12-24,1499.56006
2019-12-25,1499.55005
2019-12-26,1511.55005
2019-12-27,1510.67004
2019-12-30,1515.21997
2019-12-31,1517.39001
2020-01-01,1517.30005
2020-01-02,1528.93994
2020-01-03,1551.65002
2020-01-06,1565.95996
2020-01-07,1573.98999
2020-01-08,1555.81006
2020-01-09,1552.37
2020-01-10,1562.28003
2020-01-13,1548.30005
2020-01-14,1546.37
2020-01-15,1556.18994
2020-01-16,1552.79004
2020-01-17,1556.60999
2020-01-20,1561.57996
2020-01-21,1558.02002
2020-01-22,1558.91003
2020-01-23,1563.32996
2020-01-24,1570.65002
2020-01-27,1581.94995
2020-01-28,1566.23999
2020-01-29,1577.12
2020-01-30,1574.21997
2020-01-31,1590.19995
2020-02-03,1576.44995
2020-02-04,1552.55005
2020-02-05,1556.69995
2020-02-06,1566.84998
2020-02-07,1570.29004
2020-02-10,1572.30005
2020-02-11,1567.71997
2020-02-12,1565.63
2020-02-13,1576.39001
2020-02-14,1584.69995
2020-02-17,1581.099976
2020-02-18,1601.91003
2020-02-19,1611.64001
2020-02-20,1619.69995
2020-02-21,1643.69995
2020-02-24,1660.71997
2020-02-25,1635.38
2020-02-26,1639.95996
2020-02-27,1642.34998
2020-02-28,1585.12
2020-03-02,1590.72998
2020-03-03,1639.77002
2020-03-04,1635.82996
2020-03-05,1670.60999
2020-03-06,1674.22998
2020-03-09,1680.19995
2020-03-10,1649.35999
2020-03-11,1635.030029
2020-03-12,1577.089966
2020-03-13,1529.69995
2020-03-16,1514.60999
2020-03-17,1528.57996
2020-03-18,1486.30005
2020-03-19,1471.0
2020-03-20,1498.23999
2020-03-23,1553.81006
2020-03-24,1622.030029
2020-03-25,1613.79004
2020-03-26,1632.38
2020-03-27,1623.5
2020-03-30,1623.30005
2020-03-31,1571.31006
2020-04-01,1595.050049
2020-04-02,1613.79004
2020-04-03,1618.44995
2020-04-06,1663.0
2020-04-07,1648.94995
2020-04-08,1646.52002
2020-04-09,1684.069946
2020-04-10,1689.90002
2020-04-13,1714.31995
2020-04-14,1729.69995
2020-04-15,1716.59998
2020-04-16,1718.40002
2020-04-17,1684.68994
2020-04-20,1694.12
2020-04-21,1687.02002
2020-04-22,1714.81995
2020-04-23,1731.58997
2020-04-24,1729.43005
2020-04-27,1715.56995
2020-04-28,1708.63
2020-04-29,1712.38
2020-04-30,1685.050049
2020-05-01,1700.41003
2020-05-04,1701.68994
2020-05-05,1707.17004
2020-05-06,1685.88
2020-05-07,1717.93994
2020-05-08,1702.65002
2020-05-11,1697.34998
2020-05-12,1702.71997
2020-05-13,1715.98999
2020-05-14,1730.65002
2020-05-15,1743.0
2020-05-18,1732.31995
2020-05-19,1745.10999
2020-05-20,1749.5
2020-05-21,1726.33997
2020-05-22,1736.069946
2020-05-25,1729.56995
2020-05-26,1712.44995
2020-05-27,1709.25
2020-05-28,1719.40002
2020-05-29,1728.30005
2020-06-01,1740.33997
2020-06-02,1727.96997
2020-06-03,1698.63
2020-06-04,1711.83997
2020-06-05,1685.82996
2020-06-08,1695.46997
2020-06-09,1714.56995
2020-06-10,1737.099976
2020-06-11,1727.51001
2020-06-12,1730.80005
2020-06-15,1725.53003
2020-06-16,1727.45996
2020-06-17,1727.040039
2020-06-18,1722.98999
2020-06-19,1743.62
2020-06-22,1755.43994
2020-06-23,1767.54004
2020-06-24,1762.43005
2020-06-25,1761.81995
2020-06-26,1771.46997
2020-06-29,1772.28003
2020-06-30,1781.66003
2020-07-01,1770.31995
2020-07-02,1776.13
2020-07-03,1775.050049
2020-07-06,1783.90002
2020-07-07,1795.26001
2020-07-08,1810.78003
2020-07-09,1803.18994
2020-07-10,1798.89001
2020-07-13,1803.39001
2020-07-14,1807.78003
2020-07-15,1811.90002
2020-07-16,1797.050049
2020-07-17,1809.90002
2020-07-20,1816.089966
2020-07-21,1842.21997
2020-07-22,1872.069946
2020-07-23,1887.43994
2020-07-24,1901.45996
2020-07-27,1942.42004
2020-07-28,1959.5
2020-07-29,1970.72998
2020-07-30,1960.5
2020-07-31,1975.89001
2020-08-03,1977.25
2020-08-04,2018.52002
2020-08-05,2040.40002
2020-08-06,2063.81006
2020-08-07,2035.030029
2020-08-10,2027.77002
2020-08-11,1911.64001
2020-08-12,1918.069946
2020-08-13,1954.0
2020-08-14,1944.29004
2020-08-17,1986.19995
2020-08-18,2001.19995
2020-08-19,1929.81995
2020-08-20,1943.59998
2020-08-21,1940.16003
2020-08-24,1933.089966
2020-08-25,1928.18994
2020-08-26,1954.030029
2020-08-27,1929.19995
2020-08-28,1964.89001
2020-08-31,1970.15002
2020-09-01,1970.48999
2020-09-02,1942.97998
2020-09-03,1930.84998
2020-09-04,1932.84998
2020-09-07,1929.18005
2020-09-08,1931.26001
2020-09-09,1946.65564
2020-09-10,1954.069946
2020-09-11,1941.5
2020-09-14,1956.36914
2020-09-15,1955.52014
2020-09-16,1959.31824
2020-09-17,1942.59998
2020-09-18,1949.69275
2020-09-21,1912.56995
2020-09-22,1899.28137
2020-09-23,1863.54993
2020-09-24,1868.036011
2020-09-25,1860.050049
2020-09-28,1880.85107
2020-09-29,1897.68994
2020-09-30,1885.43994
2020-10-01,1905.049072
2020-10-02,1898.69995
2020-10-05,1912.89795
2020-10-06,1877.12622
2020-10-07,1887.22327
2020-10-08,1893.090942
2020-10-09,1929.43005
2020-10-12,1921.94958
2020-10-13,1890.81799
2020-10-14,1900.88696
2020-10-15,1907.82397
2020-10-16,1898.96997
2020-10-19,1904.26965
2020-10-20,1906.38525
2020-10-21,1924.49414
2020-10-22,1904.041992
2020-10-23,1900.79456
2020-10-26,1901.69385
2020-10-27,1906.82996
2020-10-28,1877.06189
2020-10-29,1867.13464
2020-10-30,1877.94995
2020-11-02,1895.095459
2020-11-03,1908.35999
2020-11-04,1903.20996
2020-11-05,1948.56006
2020-11-06,1951.51001
2020-11-09,1861.85999
2020-11-10,1876.5
2020-11-11,1864.70996
2020-11-12,1875.75659
2020-11-13,1888.039795
2020-11-16,1888.5177
2020-11-17,1878.60315
2020-11-18,1871.41003
2020-11-19,1867.3678
2020-11-20,1870.48584
2020-11-23,1835.84998
2020-11-24,1807.51001
2020-11-25,1805.29834
2020-11-26,1810.56995
2020-11-27,1788.12878
2020-11-30,1777.019043
2020-12-01,1814.86853
2020-12-02,1831.01001
2020-12-03,1840.35999
2020-12-04,1837.60999
2020-12-07,1863.68994
2020-12-08,1871.35999
2020-12-09,1839.10999
2020-12-10,1835.31006
2020-12-11,1839.027222
2020-12-14,1827.16992
2020-12-15,1853.45996
2020-12-16,1864.14563
2020-12-17,1885.86926
2020-12-18,1880.66003
2020-12-21,1876.20996
2020-12-22,1859.56006
2020-12-23,1872.075928
2020-12-24,1876.56494
2020-12-25,1875.82495
2020-12-28,1871.18994
2020-12-29,1877.99182
2020-12-30,1893.36816
2020-12-31,1896.48755
2021-01-01,1898.099976
2021-01-04,1942.27527
2021-01-05,1949.34998
2021-01-06,1918.81006
2021-01-07,1912.49902
2021-01-08,1848.26001
2021-01-11,1844.66125
2021-01-12,1855.62915
2021-01-13,1843.41003
2021-01-14,1846.36938
2021-01-15,1826.58997
2021-01-18,1836.89001
2021-01-19,1839.33691
2021-01-20,1870.90625
2021-01-21,1869.91003
2021-01-22,1852.55005
2021-01-25,1854.99146
2021-01-26,1850.31006
2021-01-27,1843.98999
2021-01-28,1840.35999
2021-01-29,1846.089966
2021-02-01,1860.16003
2021-02-02,1837.35022
2021-02-03,1833.76074
2021-02-04,1792.26001
2021-02-05,1811.6156
2021-02-08,1830.16003
2021-02-09,1837.060059
2021-02-10,1842.21606
2021-02-11,1825.35999
2021-02-12,1823.45996
2021-02-15,1818.51294
2021-02-16,1794.31006
2021-02-17,1776.26001
2021-02-18,1775.48975
2021-02-19,1782.31006
2021-02-22,1808.66003
2021-02-23,1805.060059
2021-02-24,1804.35999
2021-02-25,1769.87915
2021-02-26,1733.48999
2021-03-01,1723.83887
2021-03-02,1738.087769
2021-03-03,1710.94995
2021-03-04,1697.18994
2021-03-05,1700.85999
2021-03-08,1681.2439
2021-03-09,1715.35999
2021-03-10,1726.047974
2021-03-11,1721.41003
2021-03-12,1726.40686
2021-03-15,1731.83618
2021-03-16,1730.93994
2021-03-17,1744.43994
2021-03-18,1736.4093
2021-03-19,1744.74023
2021-03-22,1738.68994
2021-03-23,1727.11035
2021-03-24,1734.18994
2021-03-25,1726.81995
2021-03-26,1731.96643
2021-03-29,1711.99463
2021-03-30,1684.79614
2021-03-31,1707.0074463
2021-04-01,1730.18201
2021-04-02,1728.83997
2021-04-05,1728.43994
2021-04-06,1743.56995
2021-04-07,1737.28003
2021-04-08,1755.93994
2021-04-09,1743.099976
2021-04-12,1732.51367
2021-04-13,1743.82983
2021-04-14,1736.00354
2021-04-15,1763.20837
2021-04-16,1776.3064
2021-04-19,1769.31006
2021-04-20,1777.2533
2021-04-21,1793.46167
2021-04-22,1783.93994
2021-04-23,1777.18005
2021-04-26,1780.18994
2021-04-27,1776.68994
2021-04-28,1781.32373
2021-04-29,1771.24329
2021-04-30,1768.58997
2021-05-03,1792.36145
2021-05-04,1778.48315
2021-05-05,1786.44397
2021-05-06,1815.17834
2021-05-07,1830.47705
2021-05-10,1835.43994
2021-05-11,1836.93994
2021-05-12,1815.43994
2021-05-13,1826.56995
2021-05-14,1842.18994
2021-05-17,1866.13245
2021-05-18,1868.21997
2021-05-19,1869.56995
2021-05-20,1876.68994
2021-05-21,1880.30005
2021-05-24,1881.069946
2021-05-25,1899.26404
2021-05-26,1896.43994
2021-05-27,1896.079956
2021-05-28,1902.64001
2021-05-31,1906.35999
2021-06-01,1900.18994
2021-06-02,1907.94397
2021-06-03,1870.56995
2021-06-04,1889.96997
2021-06-07,1898.99622
2021-06-08,1892.81995
2021-06-09,1888.29834
2021-06-10,1898.13745
2021-06-11,1876.64001
2021-06-14,1865.995
2021-06-15,1858.69495
2021-06-16,1811.95251
2021-06-17,1773.31494
2021-06-18,1763.33997
2021-06-21,1782.94824
2021-06-22,1778.51245
2021-06-23,1778.73047
2021-06-24,1775.18274
2021-06-25,1780.33997
2021-06-28,1778.17505
2021-06-29,1761.089966
2021-06-30,1769.80249
2021-07-01,1776.59998
2021-07-02,1786.79016
2021-07-05,1791.61206
2021-07-06,1796.68726
2021-07-07,1803.40503
2021-07-08,1802.55505
2021-07-09,1807.97998
2021-07-12,1805.87744
2021-07-13,1807.43506
2021-07-14,1827.061646
2021-07-15,1829.18665
2021-07-16,1810.89001
2021-07-19,1812.34253
2021-07-20,1810.030396
2021-07-21,1803.31445
2021-07-22,1806.68994
2021-07-23,1801.33997
2021-07-26,1797.26501
2021-07-27,1798.73206
2021-07-28,1806.88086
2021-07-29,1827.95496
2021-07-30,1813.58154
2021-08-02,1813.38501
2021-08-03,1809.93994
2021-08-04,1811.40503
2021-08-05,1804.013062
2021-08-06,1762.68994
2021-08-09,1729.45752
2021-08-10,1728.71045
2021-08-11,1751.56274
2021-08-12,1752.4375
2021-08-13,1779.15149
2021-08-16,1787.23828
2021-08-17,1785.95557
2021-08-18,1787.58997
2021-08-19,1780.17896
2021-08-20,1780.86682
2021-08-23,1805.19751
2021-08-24,1802.60547
2021-08-25,1790.68005
2021-08-26,1792.15503
2021-08-27,1816.66895
2021-08-30,1810.16528
2021-08-31,1813.4281
2021-09-01,1813.65503
2021-09-02,1809.40051
2021-09-03,1826.18994
2021-09-06,1823.10278
2021-09-07,1794.1333
2021-09-08,1788.92505
2021-09-09,1794.69495
2021-09-10,1787.33826
2021-09-13,1793.48914
2021-09-14,1804.2655
2021-09-15,1792.58997
2021-09-16,1753.39331
2021-09-17,1754.15649
2021-09-20,1763.87549
2021-09-21,1774.24622
2021-09-22,1767.91345
2021-09-23,1742.57251
2021-09-24,1749.86304
2021-09-27,1749.85498
2021-09-28,1733.68225
2021-09-29,1726.10754
2021-09-30,1756.66064
2021-10-01,1760.36023
2021-10-04,1769.505
2021-10-05,1759.96252
2021-10-06,1762.4751
2021-10-07,1755.2926
2021-10-08,1756.66748
2021-10-11,1753.85583
2021-10-12,1759.92993
2021-10-13,1792.64661
2021-10-14,1795.56006
2021-10-15,1767.25635
2021-10-18,1764.59875
2021-10-19,1768.87
2021-10-20,1781.82996
2021-10-21,1782.76257
2021-10-22,1792.48206
2021-10-25,1807.47168
2021-10-26,1792.63281
2021-10-27,1796.6875
2021-10-28,1798.62256
2021-10-29,1782.80823
2021-11-01,1793.045044
2021-11-02,1787.28113
2021-11-03,1769.51624
2021-11-04,1791.70496
2021-11-05,1816.72998
2021-11-08,1824.26001
2021-11-09,1831.48328
2021-11-10,1849.5686
2021-11-11,1861.52441
2021-11-12,1864.044067
2021-11-15,1862.45911
2021-11-16,1849.91003
2021-11-17,1866.95996
2021-11-18,1858.45996
2021-11-19,1844.59998
2021-11-22,1805.040039
2021-11-23,1789.73315
2021-11-24,1788.5
2021-11-25,1788.44995
2021-11-26,1791.81055
2021-11-29,1785.01001
2021-11-30,1773.78455
2021-12-01,1782.66003
2021-12-02,1768.63525
2021-12-03,1783.73608
2021-12-06,1778.10779
2021-12-07,1784.041992
2021-12-08,1782.060059
2021-12-09,1774.45996
2021-12-10,1782.51001
2021-12-13,1786.94324
2021-12-14,1770.17578
2021-12-15,1777.060059
2021-12-16,1799.027222
2021-12-17,1797.68201
2021-12-20,1789.31799
2021-12-21,1788.36035
2021-12-22,1803.39539
2021-12-23,1807.91003
2021-12-24,1808.11499
2021-12-27,1810.90002
2021-12-28,1805.36572
2021-12-29,1803.66003
2021-12-30,1815.010864
2021-12-31,1828.39026
2022-01-03,1800.84875
2022-01-04,1814.56006
2022-01-05,1809.53418
2022-01-06,1788.67578
2022-01-07,1795.63208
2022-01-10,1801.4054
2022-01-11,1822.01001
2022-01-12,1825.31946
2022-01-13,1822.087646
2022-01-14,1817.21899
2022-01-17,1818.98999
2022-01-18,1813.53674
2022-01-19,1839.95996
2022-01-20,1838.35999
2022-01-21,1833.23865
2022-01-24,1843.060059
2022-01-25,1847.56006
2022-01-26,1818.11707
2022-01-27,1796.51001
2022-01-28,1791.033569
2022-01-31,1796.46863
2022-02-01,1800.65186
2022-02-02,1806.49756
2022-02-03,1804.40466
2022-02-04,1807.49402
2022-02-07,1820.31006
2022-02-08,1825.48486
2022-02-09,1832.42554
2022-02-10,1826.57007
2022-02-11,1859.95911
2022-02-14,1870.2948
2022-02-15,1853.060059
2022-02-16,1868.36743
2022-02-17,1897.26965
2022-02-18,1897.86804
2022-02-21,1905.63477
2022-02-22,1898.1344
2022-02-23,1907.54944
2022-02-24,1903.14404
2022-02-25,1887.56079
2022-02-28,1907.90283
2022-03-01,1943.21899
2022-03-02,1926.11084
2022-03-03,1935.20996
2022-03-04,1968.45349
2022-03-07,1998.10999
2022-03-08,2052.40991
2022-03-09,1991.48999
2022-03-10,1995.85864
2022-03-11,1985.28845
2022-03-14,1951.11499
2022-03-15,1917.84265
2022-03-16,1927.9292
2022-03-17,1942.64001
2022-03-18,1921.087036
2022-03-21,1935.95239
2022-03-22,1921.44165
2022-03-23,1943.38086
2022-03-24,1957.47998
2022-03-25,1957.40002
2022-03-28,1923.20251
2022-03-29,1919.18506
2022-03-30,1933.059448
2022-03-31,1937.22998
2022-04-01,1924.30005
2022-04-04,1932.43909
2022-04-05,1923.75745
2022-04-06,1925.48083
2022-04-07,1932.17407
2022-04-08,1945.84998
2022-04-11,1953.43237
2022-04-12,1966.58997
2022-04-13,1977.72278
2022-04-14,1973.51953
2022-04-15,1974.53589
2022-04-18,1978.4967
2022-04-19,1949.83997
2022-04-20,1957.40503
2022-04-21,1951.495
2022-04-22,1929.72998
2022-04-25,1897.6925
2022-04-26,1905.55762
2022-04-27,1886.11536
2022-04-28,1894.34229
2022-04-29,1896.39587
2022-05-02,1862.76758
2022-05-03,1867.78503
2022-05-04,1880.92285
2022-05-05,1876.84082
2022-05-06,1882.95654
2022-05-09,1853.92065
2022-05-10,1838.14307
2022-05-11,1852.12024
2022-05-12,1821.71997
2022-05-13,1811.15442
2022-05-16,1823.79041
2022-05-17,1814.66846
2022-05-18,1815.60999
2022-05-19,1841.71875
2022-05-20,1845.68005
2022-05-23,1853.21851
2022-05-24,1865.90002
2022-05-25,1852.83069
2022-05-26,1850.02356
2022-05-27,1852.72998
2022-05-30,1856.21289
2022-05-31,1837.092529
2022-06-01,1845.55005
2022-06-02,1868.12769
2022-06-03,1850.76562
2022-06-06,1840.99817
2022-06-07,1851.97412
2022-06-08,1853.255
2022-06-09,1847.6095
2022-06-10,1870.95996
2022-06-13,1818.77417
2022-06-14,1808.099976
2022-06-15,1833.37927
2022-06-16,1856.70752
2022-06-17,1839.34998
2022-06-20,1838.2876
2022-06-21,1832.55847
2022-06-22,1837.38635
2022-06-23,1822.42932
2022-06-24,1826.18005
2022-06-27,1822.72998
2022-06-28,1819.69495
2022-06-29,1817.10901
2022-06-30,1806.88696
2022-07-01,1810.18005
2022-07-04,1809.11658
2022-07-05,1764.35278
2022-07-06,1738.30347
2022-07-07,1739.61145
2022-07-08,1741.81995
2022-07-11,1733.67261
2022-07-12,1725.80603
2022-07-13,1735.23145
2022-07-14,1709.4491
2022-07-15,1706.78003
2022-07-18,1709.011841
2022-07-19,1711.065552
2022-07-20,1696.43298
2022-07-21,1718.49243
2022-07-22,1726.45996
2022-07-25,1718.78003
2022-07-26,1717.00048828
2022-07-27,1733.89221
2022-07-28,1755.10815
2022-07-29,1765.21997
2022-08-01,1771.72925
2022-08-02,1759.74658
2022-08-03,1764.896
2022-08-04,1790.96704
2022-08-05,1774.15002
2022-08-08,1788.52393
2022-08-09,1794.084595
2022-08-10,1792.12781
2022-08-11,1789.45044
2022-08-12,1801.76123
2022-08-15,1779.35901
2022-08-16,1775.54175
2022-08-17,1761.050049
2022-08-18,1758.19556
2022-08-19,1747.82898
2022-08-22,1735.70496
2022-08-23,1747.67456
2022-08-24,1750.88818
2022-08-25,1758.43738
2022-08-26,1736.85999
2022-08-29,1737.82373
2022-08-30,1723.5498
2022-08-31,1710.70496
2022-09-01,1696.089966
2022-09-02,1711.43994
2022-09-05,1710.2063
2022-09-06,1701.15308
2022-09-07,1717.69348
2022-09-08,1707.27502
2022-09-09,1716.050049
2022-09-12,1724.07019
2022-09-13,1701.55396
2022-09-14,1695.79504
2022-09-15,1663.74084
2022-09-16,1674.94482
2022-09-19,1675.77576
2022-09-20,1663.10889
2022-09-21,1673.73682
2022-09-22,1670.53455
2022-09-23,1643.089966
2022-09-26,1621.5675
2022-09-27,1628.80237
2022-09-28,1659.44495
2022-09-29,1660.29175
2022-09-30,1659.67004
2022-10-03,1699.22253
2022-10-04,1726.24084
2022-10-05,1715.81055
2022-10-06,1710.84998
2022-10-07,1694.52002
2022-10-10,1667.95642
2022-10-11,1665.3075
2022-10-12,1672.50525
2022-10-13,1665.79724
2022-10-14,1641.75842
2022-10-17,1649.9447
2022-10-18,1651.82727
2022-10-19,1628.48828
2022-10-20,1627.6637
2022-10-21,1656.66003
2022-10-24,1648.59998
2022-10-25,1652.52393
2022-10-26,1664.4884
2022-10-27,1662.93994
2022-10-28,1641.76001
2022-10-31,1633.12244
2022-11-01,1647.5033
2022-11-02,1634.88696
2022-11-03,1629.15002
2022-11-04,1680.27002
2022-11-07,1674.68005
2022-11-08,1712.52002
2022-11-09,1706.31995
2022-11-10,1754.86035
2022-11-11,1770.68994
2022-11-14,1771.80005
2022-11-15,1778.25
2022-11-16,1773.77002
2022-11-17,1760.87
2022-11-18,1749.73999
2022-11-21,1737.80811
2022-11-22,1740.23999
2022-11-23,1749.28003
2022-11-24,1754.95996
2022-11-25,1756.14001
2022-11-28,1740.75
2022-11-29,1749.72998
2022-11-30,1768.44995
2022-12-01,1802.89001
2022-12-02,1797.81995
2022-12-05,1768.39001
2022-12-06,1770.91003
2022-12-07,1786.21997
2022-12-08,1789.22998
2022-12-09,1796.63
2022-12-12,1781.15002
2022-12-13,1810.29004
2022-12-14,1807.27002
2022-12-15,1776.66003
2022-12-16,1792.33997
2022-12-19,1787.43994
2022-12-20,1817.40845
2022-12-21,1814.13
2022-12-22,1792.56995
2022-12-23,1797.91003
2022-12-26,1797.61462
2022-12-27,1813.93005
2022-12-28,1804.089966
2022-12-29,1814.89001
2022-12-30,1824.40002
2023-01-02,1823.68994
2023-01-03,1839.48999
2023-01-04,1854.089966
2023-01-05,1833.18994
2023-01-06,1865.70996
2023-01-09,1871.58997
2023-01-10,1877.27002
2023-01-11,1876.38
2023-01-12,1896.85999
2023-01-13,1920.20996
2023-01-16,1918.00061035
2023-01-17,1908.39001
2023-01-18,1903.76001
2023-01-19,1931.39001
2023-01-20,1926.57397
2023-01-23,1931.30005
2023-01-24,1937.44995
2023-01-25,1945.93005
2023-01-26,1928.98999
2023-01-27,1927.33997
2023-01-30,1922.51733
2023-01-31,1927.88
2023-02-01,1950.42004
2023-02-02,1912.37
2023-02-03,1865.53003
2023-02-06,1867.35999
2023-02-07,1873.81006
2023-02-08,1875.58997
2023-02-09,1861.39001
2023-02-10,1864.67004
2023-02-13,1853.39001
2023-02-14,1854.29004
2023-02-15,1836.18994
2023-02-16,1837.43994
2023-02-17,1841.58997
2023-02-20,1841.14001
2023-02-21,1834.32324
2023-02-22,1825.040039
2023-02-23,1822.64001
2023-02-24,1810.81006
2023-02-27,1817.31006
2023-02-28,1827.15002
2023-03-01,1836.80505
2023-03-02,1836.00036621
2023-03-03,1854.96997
2023-03-06,1846.84998
2023-03-07,1813.52002
2023-03-08,1813.58997
2023-03-09,1830.89001
2023-03-10,1867.82996
2023-03-13,1913.23499
2023-03-14,1902.11707
2023-03-15,1918.097534
2023-03-16,1919.11609
2023-03-17,1987.93005
2023-03-20,1978.71216
2023-03-21,1940.14612
2023-03-22,1969.58105
2023-03-23,1993.5033
2023-03-24,1977.21716
2023-03-27,1956.55945
2023-03-28,1973.69275
2023-03-29,1964.040405
2023-03-30,1980.25024
2023-03-31,1967.90002
2023-04-03,1984.10571
2023-04-04,2019.97021
2023-04-05,2020.35327
2023-04-06,2008.016357
2023-04-10,1989.65247
2023-04-11,2003.14087
2023-04-12,2014.67114
2023-04-13,2039.73499
2023-04-14,2003.040039
2023-04-17,1994.77112
2023-04-18,2004.92603
2023-04-19,1993.26416
2023-04-20,2004.33838
2023-04-21,1982.89478
2023-04-24,1988.87573
2023-04-25,1997.87231
2023-04-26,1989.47986
2023-04-27,1987.87024
2023-04-28,1989.64746
2023-05-01,1982.045288
2023-05-02,2016.27795
2023-05-03,2051.11011
2023-05-04,2051.1084
2023-05-05,2016.54285
2023-05-08,2021.39001
2023-05-09,2034.17004
2023-05-10,2029.51001
2023-05-11,2015.54993
2023-05-12,2011.15002
2023-05-15,2018.41003
2023-05-16,1988.60339
2023-05-17,1981.72217
2023-05-18,1958.053345
2023-05-19,1976.55505
2023-05-22,1969.43164
2023-05-23,1974.72754
2023-05-24,1957.011353
2023-05-25,1940.33643
2023-05-26,1946.32507
2023-05-29,1942.83997
2023-05-30,1959.14453
2023-05-31,1962.30115
2023-06-01,1977.87512
2023-06-02,1947.6322
2023-06-05,1961.45276
2023-06-06,1962.84753
2023-06-07,1939.63184
2023-06-08,1967.76147
2023-06-09,1960.59973
2023-06-12,1956.92175
2023-06-13,1943.32849
2023-06-14,1942.99036
2023-06-15,1957.65479
2023-06-16,1957.36255
2023-06-19,1950.12
2023-06-20,1935.91394
2023-06-21,1932.26306
2023-06-22,1913.51599
2023-06-23,1921.36316
2023-06-26,1922.85327
2023-06-27,1913.35254
2023-06-28,1907.42334
2023-06-29,1908.15247
2023-06-30,1919.56543
2023-07-03,1921.42847
2023-07-04,1925.089966
2023-07-05,1917.32239
2023-07-06,1910.79724
2023-07-07,1924.28247
2023-07-10,1924.99365
2023-07-11,1931.995
2023-07-12,1957.088501
2023-07-13,1960.19446
2023-07-14,1954.92542
2023-07-17,1954.73547
2023-07-18,1978.71497
2023-07-19,1976.73572
2023-07-20,1969.62012
2023-07-21,1960.22729
2023-07-24,1954.51257
2023-07-25,1964.5824
2023-07-26,1972.10315
2023-07-27,1944.98621
2023-07-28,1959.20129
2023-07-31,1964.18835
2023-08-01,1944.079346
2023-08-02,1933.56494
2023-08-03,1933.73694
2023-08-04,1941.62329
2023-08-07,1936.38708
2023-08-08,1924.81506
2023-08-09,1914.58899
2023-08-10,1912.060669
2023-08-11,1913.31824
2023-08-14,1907.90259
2023-08-15,1901.55713
2023-08-16,1891.76221
2023-08-17,1888.88733
2023-08-18,1888.19336
2023-08-21,1893.94495
2023-08-22,1897.0026855
2023-08-23,1914.31494
2023-08-24,1916.59705
2023-08-25,1914.52551
2023-08-28,1919.65857
2023-08-29,1937.12219
2023-08-30,1942.23987
2023-08-31,1939.74414
2023-09-01,1938.79504
2023-09-04,1938.19128
2023-09-05,1925.81116
2023-09-06,1916.27588
2023-09-07,1919.18665
2023-09-08,1917.80505
2023-09-11,1921.6626
2023-09-12,1913.26135
2023-09-13,1906.30225
2023-09-14,1910.31885
2023-09-15,1923.57495
2023-09-18,1933.13965
2023-09-19,1930.94495
2023-09-20,1929.68384
2023-09-21,1919.56909
2023-09-22,1924.98755
2023-09-25,1915.65527
2023-09-26,1900.48608
2023-09-27,1874.69531
2023-09-28,1864.55908
2023-09-29,1848.31335
2023-10-02,1827.40332
2023-10-03,1822.81165
2023-10-04,1821.075439
2023-10-05,1820.0058594
2023-10-06,1832.25732
2023-10-09,1860.88147
2023-10-10,1860.087402
2023-10-11,1873.60815
2023-10-12,1868.64905
2023-10-13,1931.69751
2023-10-16,1919.43872
2023-10-17,1922.45544
2023-10-18,1947.6886
2023-10-19,1973.70349
2023-10-20,1981.044556
2023-10-23,1972.59326
2023-10-24,1970.10999
2023-10-25,1979.61841
2023-10-26,1984.81775
2023-10-27,2005.78369
2023-10-30,1995.87842
2023-10-31,1982.70496
2023-11-01,1982.15002
2023-11-02,1985.50696
2023-11-03,1992.26758
2023-11-06,1977.68335
2023-11-07,1968.40491
2023-11-08,1949.79004
2023-11-09,1958.18994
2023-11-10,1936.79004
2023-11-13,1945.89001
2023-11-14,1962.67395
2023-11-15,1959.091187
2023-11-16,1980.8512
2023-11-17,1980.0076904
2023-11-20,1977.19409
2023-11-21,1998.36926
2023-11-22,1989.72351
2023-11-23,1991.79004
2023-11-24,2001.96997
2023-11-27,2013.64294
2023-11-28,2040.89001
2023-11-29,2044.58997
2023-11-30,2035.75452
2023-12-01,2070.90112
2023-12-04,2030.060059
2023-12-05,2019.42029
2023-12-06,2024.89746
2023-12-07,2028.33752
2023-12-08,2003.39001
2023-12-11,1981.30298
2023-12-12,1979.4375
2023-12-13,2026.39001
2023-12-14,2035.52795
2023-12-15,2018.18994
2023-12-18,2026.99792
2023-12-19,2040.12085
2023-12-20,2029.18994
2023-12-21,2045.49414
2023-12-22,2052.9751
2023-12-25,2054.92993
2023-12-26,2067.19995
2023-12-27,2076.99512
2023-12-28,2066.042236
2023-12-29,2062.59009
2024-01-01,2063.80005
2024-01-02,2058.5105
2024-01-03,2040.19031
2024-01-04,2043.26465
2024-01-05,2045.49561
2024-01-08,2027.84302
2024-01-09,2029.59485
2024-01-10,2023.40198
2024-01-11,2028.089966
2024-01-12,2048.71924
2024-01-15,2054.48999
2024-01-16,2027.58997
2024-01-17,2005.71936
2024-01-18,2022.67041
2024-01-19,2029.089966
2024-01-22,2020.094849
2024-01-23,2027.6781
2024-01-24,2012.58997
2024-01-25,2019.75183
2024-01-26,2018.33997
2024-01-29,2031.74878
2024-01-30,2036.11511
2024-01-31,2037.18994
2024-02-01,2054.090088
2024-02-02,2038.58997
2024-02-05,2024.67065
2024-02-06,2035.46228
2024-02-07,2034.21863
2024-02-08,2033.17786
2024-02-09,2024.15698
2024-02-12,2019.79004
2024-02-13,1992.13306
2024-02-14,1992.39001
2024-02-15,2004.087524
2024-02-16,2013.10083
2024-02-19,2017.62524
2024-02-20,2023.52783
2024-02-21,2024.98999
2024-02-22,2024.11243
2024-02-23,2035.71765
2024-02-26,2030.65796
2024-02-27,2029.63782
2024-02-28,2034.62
2024-02-29,2043.24414
2024-03-01,2083.38989
2024-03-04,2114.98999
2024-03-05,2127.54541
2024-03-06,2148.29004
2024-03-07,2159.15869
2024-03-08,2177.51001
2024-03-11,2182.46997
2024-03-12,2157.98999
2024-03-13,2174.3999
2024-03-14,2161.014893
2024-03-15,2155.54272
2024-03-18,2159.98608
2024-03-19,2157.22583
2024-03-20,2185.9585
2024-03-21,2180.80713
2024-03-22,2164.14502
2024-03-25,2171.45215
2024-03-26,2178.58374
2024-03-27,2194.024902
2024-03-28,2232.37573
2024-04-01,2250.35571
2024-04-02,2280.095703
2024-04-03,2299.17017
2024-04-04,2289.42871
2024-04-05,2329.5
2024-04-08,2338.89087
2024-04-09,2352.57666
2024-04-10,2332.79443
2024-04-11,2373.23779
2024-04-12,2343.42554
2024-04-15,2382.50781
2024-04-16,2382.83179
2024-04-17,2360.80566
2024-04-18,2378.25073
2024-04-19,2390.45166
2024-04-22,2326.28589
2024-04-23,2321.81445
2024-04-24,2315.82202
2024-04-25,2331.78198
2024-04-26,2337.71509
2024-04-29,2334.43579
2024-04-30,2284.57495
2024-05-01,2317.88257
2024-05-02,2303.2876
2024-05-03,2301.55688
2024-05-06,2326.1499
2024-05-07,2315.19995
2024-05-08,2309.050049
2024-05-09,2345.88452
2024-05-10,2360.14355
2024-05-13,2338.44995
2024-05-14,2355.87988
2024-05-15,2386.04248
2024-05-16,2377.8999
2024-05-17,2414.69995
2024-05-20,2426.36011
2024-05-21,2420.87988
2024-05-22,2378.75
2024-05-23,2328.62012
2024-05-24,2334.02002
2024-05-27,2350.97998
2024-05-28,2361.28003
2024-05-29,2338.26001
2024-05-30,2343.1001
2024-05-31,2327.38989
2024-06-03,2350.72998
2024-06-04,2327.01001
2024-06-05,2355.30005
2024-06-06,2375.8999
2024-06-07,2294.01001
2024-06-10,2310.97998
2024-06-11,2316.86011
2024-06-12,2324.97998
2024-06-13,2303.93994
2024-06-14,2332.79004
2024-06-17,2319.11011
2024-06-18,2329.47998
2024-06-19,2328.26001
2024-06-20,2360.15991
2024-06-21,2321.51001
2024-06-24,2334.38989
2024-06-25,2319.57007
2024-06-26,2298.26001
2024-06-27,2327.62012
2024-06-28,2326.68994
2024-07-01,2331.72998
2024-07-02,2329.46997
2024-07-03,2356.13989
2024-07-04,2357.44995
2024-07-05,2391.62012
2024-07-08,2359.20996
2024-07-09,2363.82007
2024-07-10,2371.37988
2024-07-11,2415.3501
2024-07-12,2411.11011
2024-07-15,2422.28003
2024-07-16,2468.67993
2024-07-17,2458.65991
2024-07-18,2445.090088
2024-07-19,2400.78003
2024-07-22,2396.57007
2024-07-23,2409.67993
2024-07-24,2397.29004
2024-07-25,2364.71997
2024-07-26,2387.070068
2024-07-29,2383.57007
2024-07-30,2411.050049
2024-07-31,2447.51001
2024-08-01,2446.3999
2024-08-02,2442.67993
2024-08-05,2410.11011
2024-08-06,2389.8999
2024-08-07,2383.1001
2024-08-08,2427.27002
2024-08-09,2431.13989
2024-08-12,2472.13989
2024-08-13,2465.060059
2024-08-14,2448.02002
2024-08-15,2456.48999
2024-08-16,2507.69995
2024-08-19,2504.31006
2024-08-20,2514.02002
2024-08-21,2512.40991
2024-08-22,2484.80005
2024-08-23,2512.40991
2024-08-26,2518.040039
2024-08-27,2524.58008
2024-08-28,2504.72998
2024-08-29,2521.16992
2024-08-30,2503.44995
2024-09-02,2499.46997
2024-09-03,2492.97998
2024-09-04,2495.6499
2024-09-05,2516.76001
2024-09-06,2497.44995
2024-09-09,2506.31006
2024-09-10,2516.6499
2024-09-11,2511.51001
2024-09-12,2558.75
2024-09-13,2579.01001
2024-09-16,2582.51001
2024-09-17,2569.58008
2024-09-18,2559.37988
2024-09-19,2586.78003
2024-09-20,2622.27002
2024-09-23,2628.54004
2024-09-24,2657.13989
2024-09-25,2657.15991
2024-09-26,2672.43994
2024-09-27,2658.32007
2024-09-30,2634.72998
2024-10-01,2663.42993
2024-10-02,2658.80005
2024-10-03,2656.19995
2024-10-04,2653.52002
2024-10-07,2643.31006
2024-10-08,2622.90991
2024-10-09,2609.26001
2024-10-10,2629.34009
2024-10-11,2656.17993
2024-10-12,2657.26001
2024-10-14,2652.63989
2024-10-15,2661.81006
2024-10-16,2674.97998
2024-10-17,2692.11011
2024-10-18,2719.71997
2024-10-19,2721.67993
2024-10-21,2719.93994
2024-10-22,2748.71997
2024-10-23,2716.1001
2024-10-24,2736.81006
2024-10-25,2742.56006
2024-10-26,2747.62988
2024-10-28,2742.59009
2024-10-29,2772.27002
2024-10-30,2787.56006
2024-10-31,2746.56006
2024-11-01,2734.15991
2024-11-02,2736.3999
2024-11-04,2738.38989
2024-11-05,2740.47998
2024-11-06,2667.15991
2024-11-07,2694.44995
2024-11-08,2687.18994
2024-11-09,2684.19995
2024-11-11,2619.23999
2024-11-12,2598.27002
2024-11-13,2581.050049
2024-11-14,2576.02002
2024-11-15,2563.93994
2024-11-16,2563.070068
2024-11-18,2609.87988
2024-11-19,2630.77002
2024-11-20,2650.94995
2024-11-21,2669.72998
2024-11-22,2708.22998
2024-11-23,2716.080078
2024-11-25,2625.72998
2024-11-26,2628.11011
2024-11-27,2634.78003
2024-11-28,2637.38989
2024-11-29,2650.11011
2024-12-02,2637.69995
2024-12-03,2641.030029
2024-12-04,2651.80005
2024-12-05,2629.87988
2024-12-06,2634.8999
2024-12-07,2633.19995
2024-12-09,2660.31006
2024-12-10,2691.97998
2024-12-11,2718.11011
2024-12-12,2683.070068
2024-12-13,2653.070068
2024-12-14,2648.51001
2024-12-16,2653.36011
2024-12-17,2645.40991
2024-12-18,2604.28003
2024-12-19,2596.8501
2024-12-20,2627.94995
2024-12-21,2623.29004
2024-12-23,2611.27002
2024-12-24,2617.27002
2024-12-26,2635.060059
2024-12-27,2620.72998
2024-12-28,2621.8999
2024-12-30,2607.17993
2024-12-31,2623.84009
2025-01-01,2624.56006
2025-01-02,2654.78003
2025-01-03,2639.68994
2025-01-04,2639.48999
2025-01-06,2634.47998
2025-01-07,2649.44995
2025-01-08,2658.3501
2025-01-09,2670.22998
2025-01-10,2685.93994
2025-01-11,2690.15991
2025-01-13,2658.97998
2025-01-14,2674.37988
2025-01-15,2693.93994
2025-01-16,2715.37988
2025-01-17,2703.27002
2025-01-18,2702.86011
2025-01-20,2708.31006
2025-01-21,2742.95996
2025-01-22,2755.42993
2025-01-23,2754.19995
2025-01-24,2774.68994
2025-01-25,2771.25
2025-01-27,2739.37988
2025-01-28,2764.87012
2025-01-29,2755.32007
2025-01-30,2793.54004
2025-01-31,2796.33008
2025-02-01,2798.52002
2025-02-03,2818.37012
2025-02-04,2843.1001
2025-02-05,2863.66992
2025-02-06,2854.050049
2025-02-07,2860.29004
2025-02-08,2860.87012
2025-02-10,2904.41992
2025-02-11,2900.29004
2025-02-12,2897.92993
2025-02-13,2926.96997
2025-02-14,2880.76001
2025-02-15,2882.54004
2025-02-17,2898.3999
2025-02-18,2935.8501
2025-02-19,2931.84009
2025-02-20,2937.97998
2025-02-21,2933.52002
2025-02-22,2936.080078
2025-02-24,2949.37988
2025-02-25,2912.18994
2025-02-26,2913.97998
2025-02-27,2879.27002
2025-02-28,2849.79004
2025-03-01,2857.44995
2025-03-03,2881.69995
2025-03-04,2916.21997
2025-03-05,2920.62988
2025-03-06,2914.080078
2025-03-07,2905.45996
2025-03-08,2909.43994
2025-03-10,2885.37012
2025-03-11,2918.48999
2025-03-12,2931.37988
2025-03-13,2982.97998
2025-03-14,2984.02002
2025-03-15,2985.040039
2025-03-17,3000.37012
2025-03-18,3035.52002
2025-03-19,3047.87988
2025-03-20,3044.82007
2025-03-21,3019.94995
2025-03-22,3023.8501
2025-03-24,3006.18994
2025-03-25,3019.63989
2025-03-26,3017.20996
2025-03-27,3057.58008
2025-03-28,3080.96997
2025-03-29,3085.28003
2025-03-31,3124.55005
2025-04-01,3118.69995
2025-04-02,3124.19995
2025-04-03,3107.63989
2025-04-04,3036.47998
2025-04-05,3038.17993
2025-04-07,2982.030029
2025-04-08,2982.15991
2025-04-09,3083.16992
2025-04-10,3175.47998
2025-04-11,3238.18994
2025-04-14,3222.050049
2025-04-17,3326.19
2025-04-18,3326.27
2025-04-19,3326.27
2025-04-21,3422.8
2025-04-22,3394.4
2025-04-23,3303.3
2025-04-24,3354.9
2025-04-25,3316.3
2025-04-26,3314.0
2025-04-27,3321.0
2025-04-28,3344.1
2025-04-29,3317.6
2025-04-30,3292.0
2025-05-01,3238.64
2025-05-02,3254.9
2025-05-03,3257.0
2025-05-04,3252.7
2025-05-05,3335.0
2025-05-06,3434.7
2025-05-07,3366.6
2025-05-08,3309.4
2025-05-09,3323.64
2025-05-10,3322.0
2025-05-12,3235.24
2025-05-13,3248.5
2025-05-14,3181.2
2025-05-15,3244.5
2025-05-16,3209.7
2025-05-17,3207.2
2025-05-18,3208.3
2025-05-19,3229.15
2025-05-20,3285.1
2025-05-21,3315.56
2025-05-22,3294.79
2025-05-23,3355.9
2025-05-24,3355.7
2025-05-25,3359.7
2025-05-26,3346.6
2025-05-27,3299.7
2025-05-28,3291.4
2025-05-29,3317.95
2025-05-30,3288.52
2025-05-31,3291.8
2025-06-01,3295.5
2025-06-02,3381.02
2025-06-03,3354.3
2025-06-04,3372.34
2025-06-05,3353.0
2025-06-06,3310.1
2025-06-07,3317.9
2025-06-08,3319.1
2025-06-09,3327.6
2025-06-10,3323.47
2025-06-11,3352.3
2025-06-12,3381.9
2025-06-13,3432.19
2025-06-14,3438.1
2025-06-15,3457.7
2025-06-16,3383.53
2025-06-17,3387.3
2025-06-18,3372.1
2025-06-19,3381.2
2025-06-20,3368.76
2025-06-21,3380.3
2025-06-22,3413.8
2025-06-23,3369.1001
2025-06-24,3324.9
2025-06-25,3332.13989
2025-06-26,3328.09
2025-06-27,3278.0
2025-06-28,3284.3
2025-06-29,3272.0
2025-06-30,3302.90991
2025-07-01,3336.4
2025-07-02,3352.0
2025-07-03,3323.9
2025-07-04,3336.8
2025-07-05,3336.7
2025-07-06,3334.6
2025-07-07,3336.82
2025-07-08,3301.03
2025-07-09,3312.1
2025-07-10,3323.67
2025-07-11,3349.9
2025-07-12,3348.6
2025-07-13,3349.4
2025-07-14,3342.4
2025-07-15,3324.6
2025-07-16,3344.7
2025-07-17,3337.6
2025-07-18,3347.9
2025-07-19,3348.0
2025-07-20,3347.3
2025-07-21,3397.33
2025-07-22,3427.09
2025-07-23,3389.03
2025-07-24,3370.59
2025-07-25,3347.17
2025-07-26,3352.96
2025-07-28,3322.01
2025-07-29,3334.24
2025-07-30,3291.98
2025-07-31,3299.41
2025-08-01,3361.89
2025-08-02,3361.38
2025-08-04,3378.96
2025-08-05,3379.58
2025-08-06,3371.53
2025-08-07,3389.29
2025-08-08,3387.21
2025-08-09,3389.32
2025-08-11,3344.13
2025-08-12,3342.47
2025-08-13,3350.8
2025-08-14,3330.23
2025-08-15,3329.36
2025-08-16,3331.25
2025-08-18,3331.75
2025-08-19,3314.82
2025-08-20,3339.88
2025-08-21,3332.14
2025-08-22,3363.42
2025-08-23,3359.72
2025-08-25,3349.54
2025-08-26,3379.95
2025-08-27,3388.82
2025-08-28,3419.78
2025-08-29,3455.59
2025-08-30,3463.81
2025-09-01,3490.83
2025-09-02,3549.39990234375
2025-09-03,3593.199951171875
2025-09-04,3565.800048828125
2025-09-05,3613.199951171875
2025-09-06,3606.64
2025-09-08,3638.10009765625
2025-09-09,3643.300048828125
2025-09-10,3643.60009765625
2025-09-11,3636.89990234375
2025-09-12,3649.39990234375
2025-09-13,3632.77
2025-09-15,3682.199951171875
2025-09-16,3688.89990234375
2025-09-17,3681.800048828125
2025-09-18,3643.699951171875
2025-09-19,3671.5
2025-09-20,3691.44
2025-09-22,3740.699951171875
2025-09-23,3780.60009765625
2025-09-24,3732.10009765625
2025-09-25,3736.89990234375
2025-09-26,3775.300048828125
2025-09-27,3783.35
2025-09-29,3820.89990234375
2025-09-30,3840.800048828125
2025-10-01,3867.5
2025-10-02,3839.699951171875
2025-10-03,3880.800048828125
2025-10-04,3893.47
2025-10-06,3948.5
2025-10-07,3976.60009765625
2025-10-08,4043.300048828125
2025-10-09,3946.300048828125
2025-10-10,3975.89990234375
2025-10-11,3997.52
2025-10-13,4108.60009765625
2025-10-14,4138.7001953125
2025-10-15,4176.89990234375
2025-10-16,4280.2001953125
2025-10-17,4189.89990234375
2025-10-18,4237.99
2025-10-20,4336.39990234375
2025-10-21,4087.699951171875
2025-10-22,4044.39990234375
2025-10-23,4125.5
2025-10-24,4118.39990234375
2025-10-25,4111.21
2025-10-27,4001.89990234375
2025-10-28,3966.199951171875
2025-10-29,3983.699951171875
2025-10-30,4001.300048828125
2025-10-31,3982.199951171875
2025-11-01,4001.4
2025-11-03,4000.300048828125
2025-11-04,3947.699951171875
2025-11-05,3980.300048828125
2025-11-06,3979.89990234375
2025-11-07,3999.39990234375
2025-11-08,3992.44
2025-11-10,4111.7998046875
2025-11-11,4106.7998046875
2025-11-12,4204.39990234375
2025-11-13,4186.89990234375
2025-11-14,4087.60009765625
2025-11-15,4080.42743
2025-11-16,4080.496
2025-11-17,4068.300048828125
2025-11-18,4061.300048828125
2025-11-19,4077.699951171875
2025-11-20,4056.5
2025-11-21,4076.699951171875
2025-11-22,4065.96908
2025-11-23,4065.93911
2025-11-24,4091.89990234375
2025-11-25,4139.2001953125
2025-11-26,4165.2001953125
2025-11-27,4157.99178
2025-11-28,4218.2998046875
2025-11-29,4216.44184
2025-11-30,4216.34338
2025-12-01,4239.2998046875
2025-12-02,4186.60009765625
2025-12-03,4199.2998046875
2025-12-04,4211.7998046875
2025-12-05,4212.89990234375
2025-12-06,4197.40394
2025-12-07,4197.34601
2025-12-08,4187.2001953125
2025-12-09,4206.7001953125
2025-12-10,4196.39990234375
2025-12-11,4285.5
2025-12-12,4300.10009765625
2025-12-13,4302.40463
2025-12-14,4302.5204
2025-12-15,4306.7001953125
2025-12-16,4304.5
2025-12-17,4347.5
2025-12-18,4339.5
2025-12-19,4361.39990234375
2025-12-20,4338.63147
2025-12-21,4338.55589
2025-12-22,4444.60009765625
2025-12-23,4482.7998046875
2025-12-24,4480.60009765625
2025-12-25,4479.69741
2025-12-26,4529.10009765625
2025-12-27,4532.69019
2025-12-28,4532.58587
2025-12-29,4325.10009765625
2025-12-30,4370.10009765625
2025-12-31,4325.60009765625
2026-01-01,4315.16528
2026-01-02,4314.39990234375
2026-01-03,4330.47347
2026-01-04,4330.51407
2026-01-05,4436.89990234375
2026-01-06,4482.2001953125
2026-01-07,4449.2998046875
2026-01-08,4449.7001953125
2026-01-09,4490.2998046875
2026-01-10,4509.84807
2026-01-11,4509.83173
2026-01-12,4604.2998046875
2026-01-13,4589.2001953125
2026-01-14,4626.2998046875
2026-01-15,4616.2998046875
2026-01-16,4588.39990234375
2026-01-17,4595.30975
2026-01-18,4595.28796
2026-01-19,4670.82045
2026-01-20,4759.60009765625
2026-01-21,4831.7998046875
2026-01-22,4908.7998046875
2026-01-23,4976.2001953125
2026-01-24,4982.4814
2026-01-25,4982.45467
2026-01-26,5079.7001953125
2026-01-27,5079.89990234375
2026-01-28,5301.60009765625
2026-01-29,5318.39990234375
2026-01-30,4713.89990234375
2026-01-31,4865.45982
2026-02-01,4865.45954
2026-02-02,4622.5
2026-02-03,4903.7001953125
2026-02-04,4920.39990234375
2026-02-05,4861.39990234375
2026-02-06,4951.2001953125
2026-02-07,4959.11017
2026-02-08,5011.35623
2026-02-09,5050.89990234375
2026-02-10,5003.7998046875
2026-02-11,5071.60009765625
2026-02-12,4923.7001953125
2026-02-13,5022.0
2026-02-14,5043.16482
2026-02-15,5043.2085
2026-02-16,4992.462
2026-02-17,4882.89990234375
2026-02-18,4986.5
2026-02-19,4975.89990234375
2026-02-20,5059.2998046875
2026-02-21,5098.61379
2026-02-22,5098.59632
2026-02-23,5204.7001953125
2026-02-24,5155.7998046875
2026-02-25,5206.39990234375
2026-02-26,5176.5
2026-02-27,5230.5
2026-02-28,5277.88359
2026-03-01,5277.8835
2026-03-02,5294.39990234375
2026-03-03,5107.39990234375
2026-03-04,5120.2001953125
2026-03-05,5065.2998046875
2026-03-06,5146.10009765625
2026-03-07,5171.10452
2026-03-08,5171.09086
2026-03-09,5091.5
2026-03-10,5229.7001953125
2026-03-11,5167.39990234375
2026-03-12,5115.7998046875
2026-03-13,5052.5
2026-03-14,5019.79237
2026-03-15,5019.79532
2026-03-16,4994.0
2026-03-17,5001.0
2026-03-18,4889.89990234375
2026-03-19,4600.7001953125
2026-03-20,4570.39990234375
2026-03-21,4497.5218
2026-03-22,4497.51799
2026-03-23,4404.10009765625
2026-03-24,4399.2998046875
2026-03-25,4549.7998046875
2026-03-26,4375.5
2026-03-27,4492.0
2026-03-28,4507.6873
2026-03-29,4507.67826
2026-03-30,4526.0
2026-03-31,4647.60009765625
2026-04-01,4783.2001953125
2026-04-02,4651.5
2026-04-03,4676.48581
2026-04-04,4676.50865
2026-04-05,4676.50455
2026-04-06,4656.7998046875
2026-04-07,4657.10009765625
2026-04-08,4749.5
2026-04-09,4792.2001953125
2026-04-10,4761.89990234375
2026-04-11,4750.52873
2026-04-12,4750.50252
2026-04-13,4742.39990234375
2026-04-14,4825.0
2026-04-15,4800.0
2026-04-16,4785.39990234375
2026-04-17,4857.60009765625
2026-04-18,4834.10038
2026-04-19,4834.1014
2026-04-20,4806.60009765625
2026-04-21,4698.39990234375
2026-04-22,4732.5
2026-04-23,4705.10009765625
2026-04-24,4722.2998046875
2026-04-25,4708.59504
2026-04-26,4707.28437
2026-04-27,4675.39990234375
2026-04-28,4591.5
2026-04-29,4545.2001953125
2026-04-30,4614.7001953125
2026-05-01,4629.89990234375
2026-05-02,4613.27308
2026-05-03,4613.28448
2026-05-04,4519.5
2026-05-05,4555.7998046875
2026-05-06,4681.89990234375
2026-05-07,4699.7998046875
2026-05-08,4720.39990234375
2026-05-09,4715.4877
2026-05-10,4715.48243
2026-05-11,4718.7001953125
2026-05-12,4677.60009765625
2026-05-13,4697.7001953125
2026-05-14,4678.10009765625
2026-05-15,4555.7998046875
2026-05-16,4537.72547
2026-05-17,4537.71527
2026-05-18,4552.5
2026-05-19,4506.2998046875
2026-05-20,4531.2998046875
2026-05-21,4539.7998046875
2026-05-22,4521.0
2026-05-23,4505.65833
2026-05-24,4505.64909
2026-05-25,4571.23972
2026-05-26,4500.39990234375
2026-05-27,4447.5
2026-05-28,4499.2998046875
2026-05-29,4560.5
2026-05-30,4542.52645
2026-05-31,4542.5767
2026-06-01,4475.2001953125
2026-06-02,4489.10009765625
2026-06-03,4436.7001953125
2026-06-04,4475.7998046875
2026-06-05,4337.10009765625
2026-06-06,4330.15149
2026-06-07,4330.1492
2026-06-08,4335.89990234375
2026-06-09,4260.0
2026-06-10,4108.2001953125
2026-06-11,4090.300048828125
2026-06-12,4215.0
2026-06-13,4215.38604
2026-06-14,4215.36946
2026-06-15,4328.0
2026-06-16,4330.89990234375
2026-06-17,4358.89990234375
2026-06-18,4224.10009765625
2026-06-19,4156.6112
2026-06-20,4156.51085
2026-06-21,4156.5162
2026-06-22,4181.89990234375
2026-06-23,4129.89990234375
2026-06-24,3990.300048828125
2026-06-25,4030.5
2026-06-26,4078.699951171875
2026-06-27,4080.81341
2026-06-28,4080.80878
2026-06-29,4022.300048828125
2026-06-30,4022.89990234375
2026-07-01,4068.300048828125
2026-07-02,4112.7001953125
2026-07-03,4174.93638
2026-07-04,4174.94111
2026-07-05,4175.01112
2026-07-06,4155.10009765625
2026-07-07,4145.2998046875
2026-07-08,4070.89990234375
2026-07-09,4130.60009765625
2026-07-10,4104.10009765625
2026-07-11,4111.53243
2026-07-12,4111.53882
2026-07-13,3997.0
2026-07-14,4061.10009765625
2026-07-15,4044.0
2026-07-16,3985.60009765625
2026-07-17,4012.699951171875
2026-07-18,4010.60888
2026-07-19,4010.6058
2026-07-20,4010.300048828125
2026-07-21,4071.10009765625
2026-07-22,4146.89990234375
2026-07-23,4046.60009765625
2026-07-24,4067.60009765625
2026-07-25,4056.01128
2026-07-26,4056.01212
2026-07-27,4074.5
2026-07-28,4036.300048828125
2026-07-29,4034.699951171875
2026-07-30,4100.10009765625
2026-07-31,4049.10009765625
2026-08-01,4042.74098
2026-08-02,4042.7451
2026-08-03,4033.699951171875
2026-08-04,4095.39990234375
2026-08-05,4245.7998046875
2026-08-06,4242.0
2026-08-07,4340.7001953125
2026-08-08,4342.23668
2026-08-09,4342.18657
2026-08-10,4361.7998046875
2026-08-11,4383.0
2026-08-12,4408.89990234375
2026-08-13,4363.60009765625
2026-08-14,4380.39990234375
2026-08-15,4375.58712
2026-08-16,4375.54686
2026-08-17,4417.7998046875
2026-08-18,4366.0
2026-08-19,4489.39990234375
2026-08-20,4516.2998046875
2026-08-21,4624.10009765625
2026-08-22,4608.1496
2026-08-23,4603.69568
2026-08-24,4640.7998046875
2026-08-25,4638.10009765625
2026-08-26,4598.2001953125
2026-08-27,4609.7001953125
2026-08-28,4478.10009765625
2026-08-31,4431.10009765625
2026-09-01,4348.0
2026-09-02,4366.2998046875
2026-09-03,4491.7001953125
2026-09-04,4477.2001953125
